search_keyword,rank,url,final_url,fetch_status,title,h1,h2,meta_description,image_alt,serp_source_url,collection_date
dumbbell,1,https://www.amazon.com/dumbbells/s?k=dumbbells,https://www.amazon.com/dumbbells/s?k=dumbbells,ok,Amazon.com : dumbbells,,"Skip to | Keyboard shortcuts | 1-48 of over 4,000 results for ""dumbbells"" | Results | Amazon Basics Neoprene Dumbbell Hand Weights for Exercise and Muscle Toning | More results | FITPLAM Adjustable dumbbell set,20/35/45/55/70/90lbs Free Weights set with upgraded nut, 5 in 1 Weight Set Used as Kettlebells, Barbell, Push up Stand, Fitness Exercise for Home Gym Suitable Men/Women | FF Finer Form 5-in-1 Weight Bench, Adjustable & Foldable for Bench Press, Strength Training and Full Body Workout, Perfect for Dumbbell Sets or an Adjustable Dumbbell Set in Your Home Gym | CAP Barbell Coated Hex Dumbbell Weight - Single | 10-120 lbs | Multiple Options | Amazon Basics Rubber Hex Dumbbell Hand Weight | 2026 Upgrade Adjustable Dumbbell Set 25lb/50lb, Small Increment in 3-6lb, 1 Hand Quick-Dial, 10-in-1 Adjustable Dumbbells with Tray, Anti-Slip Grip for Home Gym HIIT Strength Training | Adjustable Dumbbells, 20/30/45/70/90lbs Free Weight Set with Connector,5 in1 Dumbbells Set Used as Barbell,Kettlebells,Push up Stand,Fitness Exercises for Home Gym Suitable Men/Women",,"Amazon Basics Neoprene Dumbbell Hand Weights for Exercise and Muscle Toning | FITPLAM Adjustable dumbbell set,20/35/45/55/70/90lbs Free Weights set with upgraded nut, 5 in 1 Weight Set Used as Kettleb... | FF Finer Form 5-in-1 Weight Bench, Adjustable & Foldable for Bench Press, Strength Training and Full Body Workout, Perfect... | CAP Barbell Coated Hex Dumbbell Weight - Single | 10-120 lbs | Multiple Options | Amazon Basics Rubber Hex Dumbbell Hand Weight | 2026 Upgrade Adjustable Dumbbell Set 25lb/50lb, Small Increment in 3-6lb, 1 Hand Quick-Dial, 10-in-1 Adjustable Dumbbells ... | UNNMIIY Adjustable Dumbbells, 20/30/45/70/90lbs Free Weight Set with Connector,5 in1 Dumbbells Set Used as Barbell,Kettleb... | Amazon Basics Adjustable Dumbbell Hand Weight Set with Storage Case, Portable, Secure, 38 Pounds, Black | Amazon Basics Adjustable Dumbbell, 25 lb | Fit Sir Adjustable Dumbbell Set, 10-in-1 25LB/55LB/90LB Ajustable Dumbbells with Safe Locking System, Enclosed Storage Tra... | BDSHE Adjustable Dumbbell Set, 20/33/45/70/90lbs Free Weight Set with Connector, 4 in1 Dumbbells Set Used as Barbell, Kett... | HANDBODE Hex Dumbbell Set, 2.5-65 lb Rubber Encased Exercise & Fitness Dumbbells, Weights Dumbbells Set of 2, Hand Weight ... | EQUIPRO Adjustable Dumbbell Set, 4 in 1 Free Weights Dumbbells Set for Women, Weights for Women at Home, 2lb 3lb 4lb 5lb w... | Adjustable Dumbbell, 20/30/40/60/80lbs Dumbbells Set, 4-in-1 Free Weights for Women/Men Workout Equipment Used as Barbell/... | Marcy Colored Neoprene Dumbbell (Sold in Singles or Set) Hand Weights, Exercise Free Weights for Home Gym | Hezeyferg 30.8LB Adjustable Dumbbell Set, Each Adjustable Weight Dumbbell with 6 Levels 4.4/6.6/8.8/11/13.2/15.4lb, Hand W... | Adjustable Dumbbells Set, 4 in 1 Hand Weights Set for Women Men 10 LB/ 12 LB Dumbbell Pair Each 2lbs 3lbs 4lbs 5lbs Weight... | Yes4All Neoprene Coated Dumbbell Hand Weight Sets of 2 - Multiple Weight Options with 15 Colors, Anti-roll, Anti-Slip, Hex... | YOTTOY Dumbbell Set of 2,2-15 Pound Hand Weights for Women, Non-Slip Hand Weights for Home Gym, Strength Training, and Ful... | Adjustable Dumbbells,20/30/40/60/80lbs Free Weight Set with Connector, 4 in1 Dumbbells Set Used as Barbell/Kettlebells/Pus...",https://html.duckduckgo.com/html/?q=dumbbell (fallback: Google blocked),2026-07-04
dumbbell,2,https://shopee.sg/list/Dumbbell,https://shopee.sg/list/Dumbbell,ok,,,,,,https://html.duckduckgo.com/html/?q=dumbbell (fallback: Google blocked),2026-07-04
dumbbell,3,https://www.walmart.com/browse/sports-outdoors/dumbbells/4125_4134_1026285_1078284_1078285,https://www.walmart.com/browse/sports-outdoors/dumbbells/4125_4134_1026285_1078284_1078285,ok,Dumbbells - Walmart.com,Dumbbells(1000+),,"Shop for Dumbbells in Weights. Buy products such as CAP Barbell Rubber-Coated Hex Dumbbells, Set of 2, CAP Barbell Cast Iron Hex Dumbbell, Single at Walmart and save.","Walmart | Banner title icon | Walmart+ | FitRx Adjustable Dumbbells, 52.5lb SmartBell Dumbbell Set with Quick-Select Weights for Home Gym | Walmart Plus | Reebok Delta Hex Weight - 10lb Pair | Hiaso 25lb 5-in-1 Adjustable Dumbbell with Plates & Rack-Space-Saving Free Weights for Home Gym, Full Body Workout for Women & Men | ARVIVO 2PCS 10-80lb Adjustable Dumbbell Set,5lb Increments & 10lb Handle,Quick-Lock Square Weight Dumbbells for Home Gym | BalanceFrom Rubber Encased Hex Dumbbells, 20 Lbs. Pair | CAP Barbell, 3lb Rubber Hex Dumbbell, Single | CAP, 10lb Neoprene Dumbbell, Red, Single | FitRx 15lbs Rubber Hex Dumbbell Set – Solid Steel Handles, Durable Rubber Coating, Anti-Roll Weights for Fitness, Pair | 10lb Pair, variant on FitRx 15lbs Rubber Hex Dumbbell Set – Solid Steel Handles, Durable Rubber Coating, Anti-Roll Weights for Fitness, Pair | 15lb Pair, variant on FitRx 15lbs Rubber Hex Dumbbell Set – Solid Steel Handles, Durable Rubber Coating, Anti-Roll Weights for Fitness, Pair | 20lb Pair, variant on FitRx 15lbs Rubber Hex Dumbbell Set – Solid Steel Handles, Durable Rubber Coating, Anti-Roll Weights for Fitness, Pair | 25lb Pair, variant on FitRx 15lbs Rubber Hex Dumbbell Set – Solid Steel Handles, Durable Rubber Coating, Anti-Roll Weights for Fitness, Pair | (2 pack) CAP Barbell, 20lb Rubber Hex Dumbbell, Single | Privacy choices icon",https://html.duckduckgo.com/html/?q=dumbbell (fallback: Google blocked),2026-07-04
dumbbell,4,https://www.decathlon.sg/c/fitness-sports/weight-training/dumbbells.html,https://www.decathlon.sg/c/fitness-sports/weight-training/dumbbells.html,ok,Dumbbells | Decathlon Singapore,,,Explore a wide range of dumbbells and various weights for weight training in the gym or at home! Free 2h Click & Collect available. Shop now!,,https://html.duckduckgo.com/html/?q=dumbbell (fallback: Google blocked),2026-07-04
dumbbell,5,https://www.amazon.com/dumbbells-dumbbell-set/b?node=3408401,https://www.amazon.com/dumbbells-dumbbell-set/b?node=3408401,ok,Amazon.com : Exercise & Fitness Dumbbells,,"Skip to | Keyboard shortcuts | 1-24 of 678 results for ""Exercise & Fitness Dumbbells"" | Results | FITPLAM Adjustable dumbbell set,20/35/45/55/70/90lbs Free Weights set with upgraded nut, 5 in 1 Weight Set Used as Kettlebells, Barbell, Push up Stand, Fitness Exercise for Home Gym Suitable Men/Women | More results | Amazon Basics Neoprene Dumbbell Hand Weights for Exercise and Muscle Toning | JLoibao Push Up Board Fitness, Portable Pushup Board for Men, Foldable Push up Bar, Workout Home Gym Equipment, 20 in 1 Exercise Pushup Handles for Floor, Strength Training Equipment for Men | FEIERDUN DS2 Adjustable Dumbbells, 20/30/40/45/70/90lbs Free Weight Set with Connector, 5 in1 Dumbbells Set Used as Barbell, Kettlebells, Push up Stand, Weight Plate, Fitness Exercises for Home Gym Suitable Men/Women | 2026 Upgrade Adjustable Dumbbell Set 25lb/50lb, Small Increment in 3-6lb, 1 Hand Quick-Dial, 10-in-1 Adjustable Dumbbells with Tray, Anti-Slip Grip for Home Gym HIIT Strength Training | Amazon Basics Rubber Hex Dumbbell Hand Weight | Adjustable Dumbbells, 20/30/45/70/90lbs Free Weight Set with Connector,5 in1 Dumbbells Set Used as Barbell,Kettlebells,Push up Stand,Fitness Exercises for Home Gym Suitable Men/Women",,"FITPLAM Adjustable dumbbell set,20/35/45/55/70/90lbs Free Weights set with upgraded nut, 5 in 1 Weight Set Used as Kettleb... | Amazon Basics Neoprene Dumbbell Hand Weights for Exercise and Muscle Toning | JLoibao Push Up Board Fitness, Portable Pushup Board for Men, Foldable Push up Bar, Workout Home Gym Equipment, 20 in 1 Ex... | FEIERDUN DS2 Adjustable Dumbbells, 20/30/40/45/70/90lbs Free Weight Set with Connector, 5 in1 Dumbbells Set Used as Barbel... | 2026 Upgrade Adjustable Dumbbell Set 25lb/50lb, Small Increment in 3-6lb, 1 Hand Quick-Dial, 10-in-1 Adjustable Dumbbells ... | Amazon Basics Rubber Hex Dumbbell Hand Weight | UNNMIIY Adjustable Dumbbells, 20/30/45/70/90lbs Free Weight Set with Connector,5 in1 Dumbbells Set Used as Barbell,Kettleb... | Adjustable Dumbbells,20/30/40/60/80lbs Free Weight Set with Connector, 4 in1 Dumbbells Set Used as Barbell/Kettlebells/Pus... | Amazon Basics Adjustable Dumbbell, 25 lb | Amazon Basics Adjustable Dumbbell Hand Weight Set with Storage Case, Portable, Secure, 38 Pounds, Black | Fit Sir Adjustable Dumbbell Set, 10-in-1 25LB/55LB/90LB Ajustable Dumbbells with Safe Locking System, Enclosed Storage Tra... | EQUIPRO Adjustable Dumbbell Set, 4 in 1 Free Weights Dumbbells Set for Women, Weights for Women at Home, 2lb 3lb 4lb 5lb w... | FEIERDUN DB3 5-in-1 Adjustable Dumbbell Set, 6LB/10LB Pair Adjustable Weights for Women at Home, Dual Locking Stable Hand ... | Ragebby Adjustable Dumbbell Set of 2, Weights for Men and Women at Home, Anti-slip Handle, 3 in 1 Free Weights Dumbbells S... | BCBIG Adjustable-Dumbbells-Sets,Free Weights-Dumbbells Set of 2 Convertible To Barbell A Pair of Lightweight for Home Gym,... | Cvonte Adjustable Dumbbell Set, 20/30/45/70/90lbs Free Weight Set With Double Locknut, 5-in-1 Dumbbells Set Includes Barbe... | Adjustable Dumbbell, 20/30/40/60/80lbs Dumbbells Set, 4-in-1 Free Weights for Women/Men Workout Equipment Used as Barbell/... | Total Body Band, All-in-one Fitness Band, Full Body Exercise Band for Home Exercise or Training on-The-go, Multi-Purpose u... | Ally Peaks | Visit the Renoj",https://html.duckduckgo.com/html/?q=dumbbell (fallback: Google blocked),2026-07-04
dumbbell,6,https://www.nbcnews.com/select/shopping/best-dumbbells-rcna251039,https://www.nbcnews.com/select/shopping/best-dumbbells-rcna251039,ok,"13 Best Dumbbells of 2026, Tested and Reviewed | NBC Select","The 13 best dumbbells for your home workout routine, tested and reviewed",How I picked the best dumbbells | The best dumbbells of 2026 | Amazon Basics Rubber Encased Hex Dumbbell | All in Motion Dumbbell | REP Fitness Rubber Hex Dumbbells | CAP Barbell Coated Dumbbell | Portzon Weights Dumbbells | Amazon Basics Neoprene Dumbbell Hand Weights | Best adjustable dumbbells | NordicTrack Select-A-Weight Dumbbells | PowerBlock PRO EXP Adjustable Dumbbells | The Stakt Weights,"What are the best dumbbells for working out at home? Build your strength and muscle with the best fixed and adjustable weights from brands like PowerBlock, Bowflex, Amazon and more.","Dumbbells can help you get stronger by adding both variety and intensity to weighted exercises, experts say. | Amazon Basics Rubber Encased Hex Dumbbell | All in Motion Dumbbell | REP Fitness Rubber Hex Dumbbells | CAP Barbell Coated Dumbbell | Portzon Weights Dumbbells | Woman holding pink 3-pound dumbbell | Amazon Basics Neoprene Dumbbell Hand Weights | NordicTrack Select-A-Weight Dumbbells | Man holding an adjustable dumbbell | PowerBlock PRO EXP Adjustable Dumbbells | The Stakt Weights | Someone holding a set of Stakt dumbbell weights | Lifepro Adjustable Dumbbells Set | McBig Adjustable Dumbbells | Nuobell 80-Pound Classic Adjustable Dumbbells | Core Home Fitness Adjustable Dumbbell Set | Deal of the Day",https://html.duckduckgo.com/html/?q=dumbbell (fallback: Google blocked),2026-07-04
dumbbell,7,https://www.target.com/c/dumbbells-free-weights-strength-training-equipment-gear-exercise-fitness-sports-outdoors/-/N-txwoc,,ERROR: HTTP Error 429: Unknown Error,,,,,,https://html.duckduckgo.com/html/?q=dumbbell (fallback: Google blocked),2026-07-04
dumbbell,8,https://www.movementfirst.sg/52-dumbbells,https://www.movementfirst.sg/52-dumbbells,ok,Buy high quality Dumbbells in Singapore with quick delivery...,Dumbbells,,Movement First - Buy high quality fitness products from Dumbbells and have your order delivered within 5 working days,Movement First (Singapore) | HexHead Dumbbells | Adjustable Dumbbell 25lb (Quick Change) | Adjustable Dumbbell 25lb (Quick Change) 2 | Plastic Adjustable Dumbbell Set | Plastic Adjustable Dumbbell Set 2 | Dumbbell Olympic Handle (with bearings) | Dumbbell Olympic Handle (with bearings) 2 | Body Balance Bar | Body Balance Bar 2 | Premium Dumbbell Rack (5 pairs) | Premium Dumbbell Rack (5 pairs) 2 | Vertical Dumbbell Rack | Commercial 3 Tier Hexhead... | Commercial 3 Tier Hexhead... 2 | Body Bar Rack | Body Bar Rack 2 | Professional PU Dumbbell with Customized Logo | Professional PU Dumbbell with Customized Logo 2 | Premium Adjustable Dumbbell,https://html.duckduckgo.com/html/?q=dumbbell (fallback: Google blocked),2026-07-04
dumbbell,9,"https://www.flipkart.com/exercise-fitness/fitness-accessories/dumbbells/pr?sid=qoc,acb,zuc",,ERROR: HTTP Error 403: Forbidden,,,,,,https://html.duckduckgo.com/html/?q=dumbbell (fallback: Google blocked),2026-07-04
dumbbell,10,https://barbend.com/best-dumbbells/,https://barbend.com/best-dumbbells/,ok,"The 12 Best Dumbbells of 2026, Tested and Reviewed | BarBend",The 12 Best Dumbbells of 2026,The 12 Best Dumbbells of 2026 | Experts Who Contributed | Best Dumbbells Video Review | Best Dumbbells Overall: REP Fitness Ergo Hex Dumbbells | Most Durable Dumbbells: Snode Sport AD80 Adjustable Dumbbells | Best Adjustable Dumbbells: NÜOBELL Adjustable Dumbbells | Best Heavy Adjustable Dumbbells: REP Fitness REP x Pepin Adjustable Dumbbells | Best Dumbbell for Home: FLYBIRD Fitness 55 LB Adjustable Dumbbell | Best Dumbbell Rack: Rogue Fitness Universal Storage System | Best Rubber Dumbbells: REP Fitness Rubber-Coated Dumbbells | Best Block Dumbbells: PowerBlock Pro 100 EXP Adjustable Dumbbells | Best Hex Dumbbells: Bells of Steel Rubber Hex Dumbbells,The best dumbbells can provide ample versatility and performance when it comes to curating your personal home gym. Here are our favorites.,The BarBend Logo in white. | d68f1ee58b4c384c59fac60a4dd6f4637c21f0d9a1c67ac1629b42c5e99137fd?s=96&d=mm&r=pg | Expert Verified | REP Fitness Ergo Hex Dumbbells | 5-50 Pound Set of REP Fitness Hex Dumbbells | A BarBend tester doing Push-ups with the REP Fitness Hex Dumbbells. | Jake tests the REP Fitness Rubber Hex Dumbbells | Snode Adjustable Dumbbells | Snode Adjustable Dumbbell Cast Iron Weight Plate | BarBend tester trying the Snode dumbbell. | BarBend tester adjusting Snode adjustable dumbbell. | Jake Doing Rows with the Snode Adjustable Dumbbells | Snode Adjustable Dumbbell Knurled Handle | NÜOBELL Adjustable Dumbbells | Removing the NÜOBELL Adjustable Dumbbells from their cradle. | Our BarBend tester using the Nuobell adjustable dumbbells. | SMRTFT Nüobell Adjustable Dumbbell. | NÜOBELL Adjustable Dumbbell Steel Weight Plates | NÜOBELL Adjustable Dumbbell Steel Handle | REP Pepin Fast Series Adjustable Dumbbell,https://html.duckduckgo.com/html/?q=dumbbell (fallback: Google blocked),2026-07-04
weight plates,1,https://www.amazon.com/Weight-Plates/b?node=3408441,https://www.amazon.com/Weight-Plates/b?node=3408441,ok,Amazon.com : Strength Training Plates,,"Skip to | Keyboard shortcuts | 1-24 of 199 results for ""Strength Training Plates"" | Results | CAP Barbell Rubber Olympic Bumper Plate | Multiple Options/Colors | More results | CAP Barbell 2-Inch Olympic Weight Plate | Multiple Options | CAP 2-inch Olympic Bumper Plate Weight Set | 100-370 lbs | Multiple Colors | Storage Rack Optional | RitFit Weight Plates for Barbell, 2-Inch Olympic Rubber Grip Plates for Weightlifting and Strength Training in Home & Gym, Single, Pair and Sets | Amazon Basics 1-Inch Grip Weight Plates, Cast Iron, Strength Training, Home Gym | Global Recycled Standard | Amazon Basics 2-Inch Olympic Grip Weight Plates, Cast Iron, for Powerlifting, CrossFit & Strength Training",,"CAP Barbell Rubber Olympic Bumper Plate | Multiple Options/Colors | CAP Barbell 2-Inch Olympic Weight Plate | Multiple Options | CAP 2-inch Olympic Bumper Plate Weight Set | 100-370 lbs | Multiple Colors | Storage Rack Optional | RitFit Weight Plates for Barbell, 2-Inch Olympic Rubber Grip Plates for Weightlifting and Strength Training in Home & Gym,... | Amazon Basics 1-Inch Grip Weight Plates, Cast Iron, Strength Training, Home Gym | Amazon Basics 2-Inch Olympic Grip Weight Plates, Cast Iron, for Powerlifting, CrossFit & Strength Training | CAP Barbell 2-Inch Olympic Cast Iron Plate Weight Set | 75-285 lbs | Multiple Options | EVERYMATE Change Weight Plates 1.25LB 2.5LB 5LB Set Fractional Plate Olympic Bumper Plates for Cross Training Bumper Weigh... | LIONSCOOL 2-Inch Rubber Olympic Grip Weight Plates for Strength Training, Weightlifting, Solid Cast Iron Plate for Barbell... | Micro Gainz Dumbbell Fractional 1.25lb Weight Plate, Ideal for Micro Loading, (Choose Color) 4 Piece Fractional Weight Pla... | Mikolo Change Weight Plates 1.25LB 2.5LB 5LB Set Fractional Plates Set Bumper Plates for Cross Training Fit 2 Inch Barbell... | Yes4All Standard Weight Plates, 1-Inch Cast Iron Barbell Weights, Wide Range 5–50 LB, Ideal for Strength Training & Workou... | Logest Change Weight Plates 0.50LB 1.25LB 2.5LB 5LB Set Weight Plates for Olympic Bars Perfect for Strength Training Weigh... | Fitvids Olympic Bumper Plates Set, 2"" Weight Plates for Strength Training & Weightlifting, Paris or Set or Set with Barbel... | EVERYMATE Fractional Micro Weight Plates Set of 8 Weight Plate Pair of 0.25LB 0.5LB 0.75LB 1 LB for Olympic Barbells for S... | MICRO GAINZ | North Gym",https://html.duckduckgo.com/html/?q=weight+plates (fallback: Google blocked),2026-07-04
weight plates,2,https://www.dickssportinggoods.com/f/weight-plates,,ERROR: HTTP Error 451: Unavailable For Legal Reasons,,,,,,https://html.duckduckgo.com/html/?q=weight+plates (fallback: Google blocked),2026-07-04
weight plates,3,https://barbellstandard.com/collections/weight-plates,https://barbellstandard.com/collections/weight-plates,ok,Olympic Weight Plates and Olympic Barbell Weight Sets | Free Shipping – Barbell Standard,Collection: Weight Plates & Dumbbells,Olympic Weight Plates | Olympic Weight Plate Sets | Olympic Bumper Plates | Rubber Hex Dumbbells | Rubber Hex Dumbbell Sets | Weight Plates FAQ | Popular Weight Plate options | Collections,"Shop Barbell Standard weight plates, sets, and barbell weight sets for your home gym or commercial facility. Browse weight plates, plate sets, dumbbells, racks, and more.","A black steel barbell and weight rack with multiple horizontal bars for plate storage and two vertical sleeves for Olympic bars. | Barbell Standard competition flat bench with carbon fiber padding, steel frame, and front handle for easy movement | Barbell Standard logo in black text with tagline ‘The Original’ for strength training and fitness equipment branding | Barbell Standard 45 lb cast iron Olympic weight plate for strength training and home gym equipment | Barbell Standard 250 lb Olympic iron weight set with pairs of 45, 35, 25, 10, 5, and 2.5 lb plates for lifting | Olympic Bumper Plates | Rubber Hex Dumbbells | Rubber Hex Dumbbell Sets | Barbell Standard 45 lb iron weight plate mounted on barbell with raised silver lettering and black powder coat finish | Barbell Standard 35 lb iron weight plate loaded on Olympic barbell with raised silver lettering and black powder coat finish | Barbell Standard 25 lb iron weight plate loaded on Olympic barbell with raised silver lettering and black powder coat finish | Barbell Standard 10 lb iron weight plate mounted on Olympic barbell sleeve with chrome bushing in gym setting | Barbell Standard 5 lb 2.3 kg iron weight plates loaded on dumbbell handle for strength training | Barbell Standard 2.5 lb iron weight plate stacked on Olympic barbell sleeve with chrome spring collar in home gym | Olympic Weight Plates | Barbell Standard 25 lb 11.3 kg iron weight plate loaded on dumbbell during single arm row exercise | Barbell Standard 35 lb 15.9 kg iron weight plate on barbell with athlete resting in squat rack | Barbell Standard 45 lb 20.4 kg iron weight plate loaded on barbell during bench press workout | Barbell Standard 10 lb 4.5 kg iron weight plates used in dumbbell lunge exercise at gym | Barbell Standard 25 lb iron weight plate on trap bar with raised silver lettering and black powder coat finish in gym setting",https://html.duckduckgo.com/html/?q=weight+plates (fallback: Google blocked),2026-07-04
weight plates,4,https://strengthwarehouseusa.com/collections/weight-plates,https://strengthwarehouseusa.com/collections/weight-plates,ok,"Weight Plates: Olympic, Bumper & Cast Iron — Strength Warehouse USA",Weight Plates,Weight Plates for Sale – Build Strength with the Right Plates for Your Gym | Added to your cart:,"Weight plates are the foundation of any serious strength training setup. Whether you're loading up a barbell, outfitting a plate-loaded machine, or fine-tuning your lifts with change plates, having the right plates can make all the difference in your training. We offer a wide selection of weight plates for sale, includ","Strength Warehouse USA Logo | York Barbell 29030 Legacy Cast Iron Precision Milled Olympic Plates | Body-Solid Chicago Extreme Colored Bumper Plates | Body-Solid OSB Cast Iron Olympic Weight Plate Sets 355 lbs Set | Body-Solid OSB Cast Iron Olympic Weight Plate Sets 255 lbs Set | York_Barbell_29078G-York Barbell 29060 Iso-Grip Urethane Plates 5 | York_Barbell_29078G-York Barbell 29060 Iso-Grip Urethane Plates 2.5 | 36458975199398, | 36462770454694, | 36462770323622, | Intek Strength ITUSS Armor Series Urethane Olympic Plates Small Weights | Intek Strength ITUSS Armor Series Urethane Olympic Plates | York Barbell Deep Dish Cast Iron Olympic Plates | Body-Solid OBPX260 Chicago Extreme Bumper Plate Set | Body-Solid ORST Rubber Grip Plate Set 355 lbs | Body-Solid ORST Rubber Grip Plate Set 255 lbs | Body-Solid OST Cast Grip Plate Set 355 lbs | Body-Solid OST Cast Grip Plate Set 255 lbs | York Barbell 2 Inch Cast Iron Olympic Plates - 2.5lb Plate | York Barbell 2 Inch Cast Iron Olympic Plates - 45lb Plate",https://html.duckduckgo.com/html/?q=weight+plates (fallback: Google blocked),2026-07-04
weight plates,5,https://www.decathlon.sg/c/fitness-sports/weight-training/barbells-weight-plates.html,https://www.decathlon.sg/c/fitness-sports/weight-training/barbells-weight-plates.html,ok,Weight Plates & Barbells | Decathlon Singapore,,,"Shop cast iron & rubber coated weight plates, barbells in various sizes, and dumbbell kits. Everything you need to get started in your weightlifting journey. Shop today!",,https://html.duckduckgo.com/html/?q=weight+plates (fallback: Google blocked),2026-07-04
weight plates,6,https://www.walmart.com/browse/sports-outdoors/weight-plates/4125_4134_1026285_1078284_1078287,https://www.walmart.com/browse/sports-outdoors/weight-plates/4125_4134_1026285_1078284_1078287,ok,Weight Plates & Racks - Walmart.com,Weight Plates & Racks(1000+),,Shop for Weight Plates & Racks in Weights. Buy products such as CAP Barbell 2,"Walmart | Banner title icon | Walmart+ | Barbell Cast Iron 2-Inch Weight Plates for Strength Training & Weightlifting, 45LBS(Pair) | Yaheetech 55 lb Olympic Barbell Weight Set with Detachable Curl Bar for Gym Lifting Exercise Workout, Black | MAROUTE Rubber Grip Plates for Barbell, 2"" 45 LBS Pair, Rubber Encased Iron, Low Noise & Floor Protection for Home Gym Weightlifting | Towallmark 35LB Weight Plates Set of 2, 2-Inch Universal Fit, Olympic Bumper Plates with Steel Insert for Strength Training, Rubber Weight Plates for Barbell Home Gym | Athletic Works 100LB Black Cast Iron Standard Weight Plate Sets, Used as Both Dumbbell and Barbell,1-inch Holes Fit Standard Sized Bar | Walmart Plus | BalanceFrom Olympic Bumper Plate Weight Plate, 15 lbs Pair Color | Black, variant on BalanceFrom Olympic Bumper Plate Weight Plate, 15 lbs Pair Color | Colored, variant on BalanceFrom Olympic Bumper Plate Weight Plate, 15 lbs Pair Color | CAP Barbell Gray Olympic Cast Iron Weight Plate, 2.5-100 lb, Singles | Athletic Works 50LB Cast Iron Standard Weight Plate Set, 2x25LB,1-inch Holes Fit Standard Sized Bar | GIKPAL 50lbs Weight Plates 2 Inch Rubber Coated Olympic Weight Plate for Strength Training & Weightlifting in Home Gym, Solid Cast Iron Bumper Plates for Barbell | Privacy choices icon",https://html.duckduckgo.com/html/?q=weight+plates (fallback: Google blocked),2026-07-04
weight plates,7,https://www.roguefitness.com/weightlifting-bars-plates/bumpers,https://www.roguefitness.com/weightlifting-bars-plates/bumpers,ok,"Rogue Weightlifting Plates - Bumpers, Metal, Competition | Rogue Fitness",Plates,No Results | Weight Plates | Different Types of Weight Plates | Exercises Using Weight Plates | The Various Materials of Weight Plates | FAQ:,"Discover our wide range of weight plates, designed to take your barbells to the next level, from steel plates, bumpers & many more to choose from. Shop now.",Rogue Fitness | Barbells | Plates | Storage | Collars | Functional Trainers | Power Racks | Squat Stands | Strength Training | Training Accessories | Rigs | Wallmounts | Rig & Rack Accessories | Endurance | Strength Equipment | Plyo Boxes | Jump Ropes | Speed & Agility | Gymnastics | Bodyweight,https://html.duckduckgo.com/html/?q=weight+plates (fallback: Google blocked),2026-07-04
weight plates,8,https://garagegymlab.com/best-weight-plates/,https://garagegymlab.com/best-weight-plates/,ok,"11 Best Weight Plates in 2026: Rubber, Iron, and More","11 Best Weight Plates in 2026: Rubber, Iron, and More",What are the Best Weight Plates? | Our Top Picks | Best Basic Black Rubber Weight Plates: Rogue Echo Bumper Plates | Best Basic Color Rubber Weight Plates: Fringe Sport Color Bumper Plates | Best Cast Iron Weight Plates: Strength Co. Olympic Iron Plates | Best Competition Bumper Plates: Rogue Competition Bumper Plates | Best Urethane Bumper Plates: American Barbell Pro Urethane Bumper Plates | Most Versatile Bumper Plates: Vulcan Alpha Bumpers | Best Calibrated Weight Plates: Rogue Calibrated Steel Weight Plates | Best Weight Plates with Handles: REP Urethane Coated Equalizers | Best Change Plates: Rogue Change Plates | Best Cheap Weight Plates: CAP Olympic Grip Plates,"Find the best weight plates for you in this detailed buying guide, which includes everything you need to know to make a great decision...",Garage Gym Lab | Adam Hensley | Comprehensive Overview of the Best Weight Plates to Buy | Rogue Echo Bumper Plates | Rogue Echo Bumper Plates - Best Bumper Plates | Fringe Sport Color Bumper Plates | Fringe Sport Color Bumper Plates on White Background | Strength Co. Cast Iron Plates | The Strength Co Iron Plates | Rogue Competition Plates | Rogue Competition Bumper Plates on White Background | American Barbell Urethane Plates | American Barbell Pro Urethane Bumper Plates on White Background | Vulcan Alpha Bumper Plates | Vulcan Alpha Bumper Plates on White Background | Alpha Bumper Plates by Vulcan Strength | Rogue Calibrated Steel Plates | Rogue Calibrated Steel Weight Plates on White Background | REP Urethane Equalizer Plates | Rep Urethane Equalizer Plates being held in hands - Garage Gym Lab,https://html.duckduckgo.com/html/?q=weight+plates (fallback: Google blocked),2026-07-04
weight plates,9,https://shopee.sg/list/weight%20plate,https://shopee.sg/list/weight%20plate,ok,,,,,,https://html.duckduckgo.com/html/?q=weight+plates (fallback: Google blocked),2026-07-04
weight plates,10,https://titan.fitness/collections/weight-plates,https://titan.fitness/collections/weight-plates,ok,"Olympic Weight Plates - Bumper, Cast Iron & Specialty | Titan Fitness",Weight Plates,"Your Cart is Empty | Your Cart | Estimated Total | Bumper, Cast Iron & Specialty Olympic Weight Plates | Lift Big, Train Smart: The Weight Plates Your Home Gym Deserves | A Closer Look at Titan Olympic Weight Plates | Frequently Asked Questions: Titan Fitness Olympic Weights | EZ Grip Color Bumper Plates | Build Your Best Lifts with Weight Plates for Sale at Titan Fitness | Related Articles | Customer Support | Sign Me Up","Shop Olympic Weight Plates, including bumper, cast iron, and specialty plates at Titan Fitness. Perfect for any workout. Upgrade your gym today.","FREE Shipping On All Orders | Call our Experts Monday-Saturday at 888-410-1503 x2 | Buy Now, Pay Later | Titan Fitness | Shop All Racks | T-2 Series | T-3 Series | X-3 Series | TITAN Series | ticker banner pause icon | Shop All Benches | Flat Benches | Adjustable Benches | Specialty Benches | Shop All Bars & Weights | Barbells | Weight Plates | Dumbbells | Kettlebells | Weight Balls",https://html.duckduckgo.com/html/?q=weight+plates (fallback: Google blocked),2026-07-04
bumper plates,1,https://www.garagegymreviews.com/best-bumper-plates-guide,https://www.garagegymreviews.com/best-bumper-plates-guide,ok,Expert-Tested: The Best Bumper Plates (2026) | Garage Gym Reviews,The Best Bumper Plates for 2026: Experts Weigh In On These High-Quality Fitness Tools,GGR Gold Pick – Best Bumper Plates | The 8 Best Bumper Plates | Latest Updates | Best Bumper Plates Video Review | Best Bumper Plates Overall: Fringe Sport Black Bumper Plates | Why We Like Fringe Sport Black Bumper Plates | Alternatives | Testing Breakdown | Best Home Gym Bumper Plates: Rogue Echo Bumper Plates | What our tester says: | Why We Like Rogue Echo Bumper Plates | Best Budget Bumper Plates: Titan Fitness Economy Black Bumper Plates,"After researching over 100 bumper plates and testing dozens, our fitness experts determined the best bumper plates for people and their various fitness needs.",ggr new site logo | 8101 | 8021 | 10427 | 8872 | 8658 | Our tester training with Fringe Sport Black Bumper Plates | Woman loading a Nike barbell with a Nike bumper plate | rogue echo plates 25 lb | Caine performing a clean on the REP Fitness Alpine Bar | A woman performs a deadlift using the Fringe Sport Wonder Bar V2 Barbell | Bells of Steel Competition Bumper Plate | maxresdefault | 0fcbc61acd0479dc77e3cccc0f5ffca7_5d0a749ef333d | 0fcbc61acd0479dc77e3cccc0f5ffca7_5d0a749ee0d2e | 0fcbc61acd0479dc77e3cccc0f5ffca7_5d0a749f073ee | Fringe Sport Black Bumper Plates | icon best of | IconShock Resistance | Dimensions 1,https://html.duckduckgo.com/html/?q=bumper+plates (fallback: Google blocked),2026-07-04
bumper plates,2,https://garagegymlab.com/best-bumper-plates/,https://garagegymlab.com/best-bumper-plates/,ok,12 Best Bumper Plates in 2026: Top Picks for Rubber and Urethane Plates,12 Best Bumper Plates in 2026: Top Picks for Rubber and Urethane Plates,The Best Bumper Plates | Rogue Echo Bumper Plates – Best Overall Black Bumper Plates | Fringe Sport Color Bumper Plates – Best Overall Color Bumper Plates | Rogue Competition Bumper Plates – Best Overall Competition Bumper Plates | American Barbell Pro Urethane Bumper Plates – Best Overall Urethane Bumper Plates | Vulcan Alpha Bumper Plates – Most Versatile Bumper Plates | REP Black Bumper Plates – Runner-Up Black Bumper Plates | Rogue Fleck Bumper Plates – Runner-Up Color Bumper Plates | REP Competition Bumper Plates – Runner-Up Competition Bumper Plates | Titan Fitness Elite Bumper Plates – Best Budget Competition Bumper Plates | Vulcan Urethane Bumper Plates – Runner-Up Urethane Bumper Plates | Titan Fitness Urethane Bumper Plates – Best Budget Urethane Bumper Plates,Bumper plates are the most versatile type of weight plates and can be used for all types of lifting. Find the best bumper plates in this in-depth guide.,Garage Gym Lab | Adam Hensley | Rogue Echo Bumper Plates | Rogue Echo Bumper Plates - Best Bumper Plates | Fringe Sport Color Bumper Plates | Fringe Sport Color Bumper Plates - Best Bumper Plates | Rogue Competition Plates | Rogue Competition Bumper Plates - Best Bumper Plates | American Barbell Urethane Plates | American Barbell Pro Urethane Bumper Plates - Best Bumper Plates | Vulcan Alpha Bumper Plates | Vulcan Alpha Bumper Plates - Best Weight Plates | Alpha Bumper Plates by Vulcan Strength | REP Black Bumper Plates | REP Black Bumpers - Best Bumper Plates | Rogue Fleck Plates | Rogue Fleck Plates - Best Bumper Plates | REP Competition Plates | REP Competition Plates - Best Bumper Plates | Titan Fitness Elite Bumper Plates,https://html.duckduckgo.com/html/?q=bumper+plates (fallback: Google blocked),2026-07-04
bumper plates,3,https://www.fringesport.com/collections/bumper-plates,https://www.fringesport.com/collections/bumper-plates,ok,Bumper Plates - Weightlifting Equipment - Fringe Sport,Bumper Plates and Bumper Plate Sets,"FAQs | More Information | BUMPER PLATES: WHAT ARE THEY, AND WHY DO YOU NEED THEM IN YOUR GARAGE GYM? | FRINGE SPORT BUMPER PLATES ARE THE MOST DURABLE PLATES ON THE MARKET | Brands of Bumper Plates | WHAT TO LOOK FOR IN BUMPER PLATES | Why Invest in Color Bumper Plates | Related Blog Articles | WHAT ARE COMPETITION BUMPER PLATES AND HOW DO THEY DIFFER FROM NORMAL BUMPERS? | DOES FRINGE SPORT CARRY THE CHEAPEST BUMPER PLATES? | What is the difference between bumper plates & metal plates? | Don’t miss out on email-only deals! Sign up below.",Buy from selection of incredibly durable bumper plates for Olympic weightlifting and Powerlifting. Durable long lasting bumper plate sets here.,Black Bumper Plate Sets (109581774) | Savage Bumper Plate Sets (1390606450735) | Black Bumper Plates (Pairs) (109505560) (7900157542447) (7948229345327) | Black Bumper Plates (Pairs) (109505560) (7948229345327) | Savage Bumper Plate (Pairs) (1381110710319) | MilSpec Black Bumper Plates (4631524802607) | Savage Weightlifting Competition Plates - lbs (7985361748015) | Savage Weightlifting Competition Plates - kgs (7985376854063) | Savage Weightlifting Competition Plates - lbs (7985361748015) (7985376854063) | Color Competition Bumper Plates - Pounds (344582865) | Black Training Competition Plates - Pounds (650771333167) (7985361748015) | Technique Plates (99321100) | Pizza Bumper Plates (10lb Pair) (4373390753839) | Bulk Black Bumper Plates (120271880) | Ouroboros Fractional Plate Pairs (1008984817711) (8074450370607) | Bulk Savage Bumper Plates (4481337851951) | durable bumper plate cross-section with steel hook | why invest in color bumper plates | what are technique plates,https://html.duckduckgo.com/html/?q=bumper+plates (fallback: Google blocked),2026-07-04
bumper plates,4,https://www.amazon.com/bumper-plates/s?k=bumper+plates,https://www.amazon.com/bumper-plates/s?k=bumper+plates,ok,Amazon.com : bumper plates,,"Skip to | Keyboard shortcuts | 1-48 of over 9,000 results for ""bumper plates"" | Results | CAP Barbell Rubber Olympic Bumper Plate | Multiple Options/Colors | More results | CAP 2-inch Olympic Bumper Plate Weight Set | 100-370 lbs | Multiple Colors | Storage Rack Optional | Fitvids Olympic Bumper Plates Set, 2"" Weight Plates for Strength Training & Weightlifting, Paris or Set or Set with Barbell, Multiple Options | PROIRON Olympic Rubber Bumper Plates,Floor Protective Weight Plates,2"" Solid Weight Plates for Barbell Strength Training and Weight Lifting,Less Impact, Absorb Bounce & Shock,5KG(11LB)/10KG(22LB)/15KG(33LB)/20KG(44LB),Single or Pair | EVERYMATE Pink Weight Plates 10LB 15LB 25LB 35LB 45LB Olympic Bumper Plates Grip Weight Plates for Strength Training & Crossfit Steel Inserts Weight Plates Fit 2"" Barbells Virgin Rubber Weights | BalanceFrom Color Coded Olympic Bumper Plate Weight Plate | EVERYMATE Change Weight Plates 1.25LB 2.5LB 5LB Set Fractional Plate Olympic Bumper Plates for Cross Training Bumper Weight Plates Steel Insert Strength Training Weight Plates",,"CAP Barbell Rubber Olympic Bumper Plate | Multiple Options/Colors | CAP 2-inch Olympic Bumper Plate Weight Set | 100-370 lbs | Multiple Colors | Storage Rack Optional | Fitvids Olympic Bumper Plates Set, 2"" Weight Plates for Strength Training & Weightlifting, Paris or Set or Set with Barbel... | PROIRON Olympic Rubber Bumper Plates,Floor Protective Weight Plates,2"" Solid Weight Plates for Barbell Strength Training a... | EVERYMATE Pink Weight Plates 10LB 15LB 25LB 35LB 45LB Olympic Bumper Plates Grip Weight Plates for Strength Training & Cro... | BalanceFrom Color Coded Olympic Bumper Plate Weight Plate | EVERYMATE Change Weight Plates 1.25LB 2.5LB 5LB Set Fractional Plate Olympic Bumper Plates for Cross Training Bumper Weigh... | EVERYMATE Black Change Weight Plates 1.25LB 2.5LB 5LB Set Fractional Olympic Bumper Plates for Cross Training Steel Insert... | Mikolo Change Weight Plates 1.25LB 2.5LB 5LB Set Fractional Plates Set Bumper Plates for Cross Training Fit 2 Inch Barbell... | Amazon Basics 2-Inch Olympic Grip Weight Plates, Cast Iron, for Powerlifting, CrossFit & Strength Training | CAP Barbell 2-Inch Olympic Weight Plate | Multiple Options | RitFit Weight Plates for Barbell, 2-Inch Olympic Rubber Grip Plates for Weightlifting and Strength Training in Home & Gym,... | 44SPORT Pair of Olympic Bumper Plates - Two All Polymer Technique Weights | HulkFit 2-inch Sport Series Olympic Weight Plates Bumper Plates for Barbell Weightlifting Strength Training with Shock Abs... | Rendpas 2-Inch Olympic Bumper Plates, 100% Virgin Rubber Low Bounce Barbell Weight for Home Gym Strength Training, 10lb-45... | DX Grandway Fitness Change Weight Plates 1.25LB 2.5LB 5LB Pairs Support Plates Olympic Plates for Weight Lifting Bumper We... | Egles Change Plates Set 1.25LB, 2.5LB, 5LB - Rubber-Coated Weight Plates in Pairs, Olympic Bumper Plates, Color-Coded, IWF... | SPART Color Coded Weight Plate 2-Inch Rubber Coated Olympic Grip Plate for Barbell, Solid Cast Iron Weight Plates for Stre... | Synergee Bumper Plates – Sold in Pairs and Sets | Titan Fitness Elite Olympic Bumper Plates, Competition Weight Plates, Rubber with Steel Hub Insert, Sold as a Pair, for Ol...",https://html.duckduckgo.com/html/?q=bumper+plates (fallback: Google blocked),2026-07-04
bumper plates,5,https://barbend.com/best-bumper-plates/,https://barbend.com/best-bumper-plates/,ok,The 9 Best Bumper Plates for Your Home Gym in 2026 (Tested),"The 9 Best Bumper Plates of 2026, Expert Tested",The 9 Best Bumper Plates of 2026 | Experts Who Contributed | Best Bumper Plates Overall: REP Fitness Black Bumper Plates | Most Durable Bumper Plates: Fringe Sport Milspec Bumper Plates | Best Budget Bumper Plates: Iron Bull HD Bumper Plates | Best Bumper Plates for Deadlifts: Bells of Steel Dead Bounce Bumper Plates | Best Bumper Plates for CrossFit: Nike Grind Bumper Plates | Best Bumper Plates for Weightlifting: Eleiko IWF Weightlifting Training Plate | Best Bumper Plates for Competition: Rogue Color KG IWF Training Plates 2.0 | Best Urethane Bumper Plates: Titan Fitness EZ-Grip Elite Urethane Color Plates | Best Rubber Bumper Plates: Iron Bull BP Plates | How We Tested and Chose the Best Bumper Plates,The best bumper plates can be a true companion to your at-home barbell workouts without the noise. Here are some of our favorites from the industry’s best brands.,The BarBend Logo in white. | d68f1ee58b4c384c59fac60a4dd6f4637c21f0d9a1c67ac1629b42c5e99137fd?s=96&d=mm&r=pg | Expert Verified | REP Fitness Black Bumper Plates | Our tester using the REP Fitness Black Bumper Plates for a bent-over row. | REP Black Bumer Plates Overall | REP Black Bumper Plates Thickness | REP Black Bumper Plates on Barbell | Fringe Sport Milspec Bumper Plates | Iron Bull HD Bumper Plates | Bells of Steel Dead Bounce Bumper Plates | Bells of Steel Dead Bounce Conflict Bumper Plates | Bells of Steel Dead Bounce Conflict Bumper Plates center sleeve | Bells of Steel Dead Bounce Conflict Bumper Plates raised and color-coded lettering | Bells of Steel Dead Bounce Conflict Bumper Plates loaded onto a barbell for deadlifts | Bells of Steel Dead Bounce Conflict Bumper Plates lip and thickness | Nike Strength Rubber Bumper Plates (Grind) | Nike Grind Bumper Plates | Our tester bench pressing with Nike Grind Bumper Plates | Nike Grind Bumper Plates sitting next to a squat rack,https://html.duckduckgo.com/html/?q=bumper+plates (fallback: Google blocked),2026-07-04
bumper plates,6,https://titan.fitness/collections/bumper-plates,https://titan.fitness/collections/bumper-plates,ok,Bumper Plates | Titan Fitness,Bumper Plates,"Your Cart is Empty | Your Cart | Estimated Total | Olympic Bumper Plates, Pairs & Singles Available In LBs & KGs | Titan Bumper Plates: Strength That Pays Off | Find Your Perfect Set of Bumper Plates | Frequently Asked Questions About Titan Fitness Bumper Plates | 260 LB Set Crumb Rubber Bumper Plates | Titan Fitness | Crush PRs and Protect Your Floor with Titan Bumper Plates | Related Articles | Customer Support | Sign Me Up","Discover Olympic Bumper Plates at Titan Fitness, available in sets, pairs, and singles in both LBs and KGs. Perfect for versatile and durable workouts. Shop now.","FREE Shipping On All Orders | Call our Experts Monday-Saturday at 888-410-1503 x2 | Buy Now, Pay Later | Titan Fitness | Shop All Racks | T-2 Series | T-3 Series | X-3 Series | TITAN Series | ticker banner pause icon | Shop All Benches | Flat Benches | Adjustable Benches | Specialty Benches | Shop All Bars & Weights | Barbells | Weight Plates | Dumbbells | Kettlebells | Weight Balls",https://html.duckduckgo.com/html/?q=bumper+plates (fallback: Google blocked),2026-07-04
bumper plates,7,https://giantlifting.com/collections/bumper-plates,https://giantlifting.com/collections/bumper-plates,ok,Olympic Bumper Plates for Sale | Giant Lifting,,Search | Your cart | built for strength. always innovating. always improving. | SHOP | ABOUT | SIGN UP FOR DEALS & NEWS,"Shop premium Olympic bumper plates for CrossFit, Olympic lifting & home gyms. Low-bounce virgin rubber, steel inserts, color options. 4.9★ rated, free shipping.",Giant Lifting | Contrast Bumper Plates | Base Bumper Plates 2.0,https://html.duckduckgo.com/html/?q=bumper+plates (fallback: Google blocked),2026-07-04
bumper plates,8,https://www.roguefitness.com/weightlifting-bars-plates/bumpers/bumper-plates,https://www.roguefitness.com/weightlifting-bars-plates/bumpers/bumper-plates,ok,Bumper Plates - Weightlifting Plates | Rogue Fitness,Bumper Plates,No Results | Bumper Plates Uses | FAQ:,"You won't find a selection of bumper plates like this anywhere else online. Choose from Rogue's own HG Plates and American-made Hi-Temps, as well as plates from Uesaka, WerkSan, and more. Click any of the bumper plates above to get complete details, customer reviews, and ordering options.",Rogue Fitness | Barbells | Plates | Storage | Collars | Functional Trainers | Power Racks | Squat Stands | Strength Training | Training Accessories | Rigs | Wallmounts | Rig & Rack Accessories | Endurance | Strength Equipment | Plyo Boxes | Jump Ropes | Speed & Agility | Gymnastics | Bodyweight,https://html.duckduckgo.com/html/?q=bumper+plates (fallback: Google blocked),2026-07-04
bumper plates,9,https://valorfitness.com/collections/bumper-plates,https://valorfitness.com/collections/bumper-plates,ok,Affordable Olympic Plates for Home & Commercial Gyms – Valor Fitness,Bumper Plates,FiltersFilter & Sort | Your cart | CUSTOMER SERVICE | RESOURCES | GET DEALS BEFORE EVERYONE ELSE | Choose options,Our premium Bumper Plates are perfect for any athlete in the world of Olympic weight lifting or cross-training. Order online today from Valor Fitness.,Valor Fitness | Bench Press | Cable Machines | Cable Attachments | Leg Machines | Functional Trainers | Workout Benches | Strength Accessories | Upper Body | Barbells | Dumbbells | Kettlebells | Plates | Collars & Clamps | Platforms | Racks | Rigs | Rack Attachments | Rig Accessories | Squat Stands,https://html.duckduckgo.com/html/?q=bumper+plates (fallback: Google blocked),2026-07-04
bumper plates,10,https://capbarbell.com/collections/weight-plates,https://capbarbell.com/collections/weight-plates,ok,CAP - Rubber Bumper Plates and Cast Iron Weight Plates,Weight Plates,,High-density rubber Bumper Plates are durable and perfect for Olympic lifting - Traditional Cast Iron Plates give a classic gym feel. Both with FREE US DELIVERY,Barbells | Weight Plates | Storage & Racks | Barbell Collars | Benches - All | SQUAT STANDS | Power Racks | Equipment Accessories | woman weight lifting with patented CAP adjustable dumbbells | Kettlebells | Medicine Balls | Weighted Vests | GYMNASTICS | Barbell Racks | Dumbbell Racks | Kettlebell Racks | PLATE RACKS | PUZZLE MATS | Exercise + Yoga Mats | TONE Fitness,https://html.duckduckgo.com/html/?q=bumper+plates (fallback: Google blocked),2026-07-04
rubber dumbbells,1,https://titan.fitness/collections/rubber-hex-dumbbells,https://titan.fitness/collections/rubber-hex-dumbbells,ok,Rubber Coated Hex Dumbbells | Titan Fitness,Rubber Hex Dumbbells,Your Cart is Empty | Your Cart | Estimated Total | Rubber Coated Hex Dumbbells Pairs & Sets Available In 5 To 120 LBs | Serious Weight for Serious Training: Titan Rubber Hex Dumbbell Sets | Steel or Chrome? Pick the Right Rubber Hex Dumbbell Set for Your Home Gym | Frequently Asked Questions: Hex Rubber Dumbbell Sets | At Home Workouts: Dumbbell Only Push Day | Shop Titan Rubber Hex Dumbbell Sets Today | Related Articles | Customer Support | Sign Me Up,"Shop our selection of rubber coated hex dumbbells, ranging from 5 to 120 lbs. Perfect for home gyms. Upgrade your workout with Titan Fitness.","FREE Shipping On All Orders | Call our Experts Monday-Saturday at 888-410-1503 x2 | Buy Now, Pay Later | Titan Fitness | Shop All Racks | T-2 Series | T-3 Series | X-3 Series | TITAN Series | ticker banner pause icon | Shop All Benches | Flat Benches | Adjustable Benches | Specialty Benches | Shop All Bars & Weights | Barbells | Weight Plates | Dumbbells | Kettlebells | Weight Balls",https://html.duckduckgo.com/html/?q=rubber+dumbbells (fallback: Google blocked),2026-07-04
rubber dumbbells,2,https://www.amazon.com/rubber-dumbbells/s?k=rubber+dumbbells,https://www.amazon.com/rubber-dumbbells/s?k=rubber+dumbbells,ok,Amazon.com : rubber dumbbells,,"Skip to | Keyboard shortcuts | 1-48 of 750 results for ""rubber dumbbells"" | Results | Amazon Basics Rubber Hex Dumbbell Hand Weight | More results | Amazon Basics Neoprene Dumbbell Hand Weights for Exercise and Muscle Toning | HANDBODE Hex Dumbbell Set, 2.5-65 lb Rubber Encased Exercise & Fitness Dumbbells, Weights Dumbbells Set of 2, Hand Weight for Strength Training | CAP Barbell Coated Hex Dumbbell Weight - Single | 10-120 lbs | Multiple Options | PAPABABE HEX Dumbbell Set 2.5-125lb, Rubber Encased Home Gym Dumbbells, Exercise & Fitness Weights Dumbbells for Women & Men, Hand Weight for Strength Training | Amazon Basics Vinyl Coated Dumbbell Hand Weights | Hex Dumbbells Rubber Coated Cast Iron Hex Black Dumbbell Free Weights for Exercises",,"Amazon Basics Rubber Hex Dumbbell Hand Weight | Amazon Basics Neoprene Dumbbell Hand Weights for Exercise and Muscle Toning | HANDBODE Hex Dumbbell Set, 2.5-65 lb Rubber Encased Exercise & Fitness Dumbbells, Weights Dumbbells Set of 2, Hand Weight ... | CAP Barbell Coated Hex Dumbbell Weight - Single | 10-120 lbs | Multiple Options | PAPABABE HEX Dumbbell Set 2.5-125lb, Rubber Encased Home Gym Dumbbells, Exercise & Fitness Weights Dumbbells for Women & M... | Amazon Basics Vinyl Coated Dumbbell Hand Weights | Hex Dumbbells Rubber Coated Cast Iron Hex Black Dumbbell Free Weights for Exercises | Fitvids Rubber Encased Exercise & Fitness Hex Dumbbell, Hand Weights with Anti-Slip Metal Handle for Home Gym, Multiple Sizes | HANDBODE Hex Dumbbell Set 2.5-65 lb, Rubber Encased Hex Dumbbells for Home Gym, Weights Dumbbells Set of 2 Hand Weights fo... | Yes4All Neoprene Coated Dumbbell Hand Weight Sets of 2 - Multiple Weight Options with 15 Colors, Anti-roll, Anti-Slip, Hex... | CAP Barbell 150 LB Coated Hex Dumbbell Weight Set with Vertical Rack | Multiple Options | Fitvids Hex Dumbbells Rubber Coated Hand Weights for Exercises and Fitness Home Gym, 5-50 LB Pair | EQUIPRO Adjustable Dumbbell Set, 4 in 1 Free Weights Dumbbells Set for Women, Weights for Women at Home, 2lb 3lb 4lb 5lb w... | Fitvids Rubber Coated Hex Dumbbell Set with Storage Rack, 100/150/200/550 LB Hand Weight Set with Anti-Slip Grip for Home Gym | Fitvids Hex Dumbbells Rubber Coated Hand Weights for Exercises and Fitness, 10-50LB Option | BBRUN Dumbbell Set 5 lb pair, Rubber Hex Free Weights Without Rack | Heavy-Duty Home Gym Equipment for Strength Training, ... | Adjustable Dumbbell Set of 2, 4 in 1 Free Weights Dumbbells Set, Hand Weights for Women at Home, 5 lb Dumbbells Set with N... | CAP Rubber Coated Dumbbell Weights, Free Weights for Home Gym Strength Training, Anti-Roll Hex Dumbbells with Black, Chrom... | 5-50 lbs Hex Dumbbell Weight Set With Rack for Home Outdoor Gyms 6-10 Pair Rubber Exercise & Fitness Nonslip Handle Dumbbe... | Body Sport Rubber Encased Hex Dumbbell Weight, Single – Dumbbells for Exercises – Strength Training Equipment – Home Gym A...",https://html.duckduckgo.com/html/?q=rubber+dumbbells (fallback: Google blocked),2026-07-04
rubber dumbbells,3,https://yorkbarbell.com/product/rubber-hex-dumbbell/,https://yorkbarbell.com/product/rubber-hex-dumbbell/,ok,Rubber Hex Dumbbells - 2.5 to 125 lb - York Barbell,Rubber Hex Dumbbell,Description | Additional information | Recommended for this product: | Kettlebells | Pro-Hex Dumbbell Rack | FTS Flat Bench Press | STS Flat Bench | Hex Professional Tray Dumbbell Rack | You may also like… | York Starter Dumbbell Package | Pro Style Dumbbell | YORK New Gains Package,These rubber hex dumbbells have contoured chrome handles and durable rubber-covered heads for more safety and comfort. Shop them and our full selection of dumbbells and dumbbell sets today!,Rubber Hex Dumbbell - York Barbell | Rubber Hex Dumbbell - Image 2 | Rubber Hex Dumbbell - Image 3 | Rubber Hex Dumbbell - Image 4 | Rubber Hex Dumbbell - Image 5 | Rubber Hex Dumbbell - Image 6 | Rubber Hex Dumbbell - Image 7 | Rubber Hex Dumbbell - Image 8 | Rubber Hex Dumbbell - Image 9 | Rubber Hex Dumbbell - Image 10 | Kettlebells - Home Gym Equipment | Pro-Hex Dumbbell Rack 2 tier | FTS Flat Bench Press | sts flat bench | Dumbbell Storage Racks | Gym Equipment Storage Racks | Dumbbell Starter Set | Pro Style Dumbbell | YORK New Gains Package | York Premium PVC Hex Dumbbell | Rubber Hex Dumbbell Set | Dumbbells & Dumbbell Sets,https://html.duckduckgo.com/html/?q=rubber+dumbbells (fallback: Google blocked),2026-07-04
rubber dumbbells,4,https://www.lazada.sg/tag/rubber-dumbbells/,https://www.lazada.sg/tag/rubber-dumbbells/,ok,Shop Rubber Dumbbells at Best Prices for Your Needs | Lazada Singapore,,,Buy Rubber Dumbbells and more at the best deals and lowest prices online. Check out products from top-rated brands and sellers at Lazada now.,Online Shopping Lazada.sg Logo | LazMall | Taobao | RedMart | Vouchers | Lifestyle Deals | Download the App | Apple App Download | Android App Download | Huawei App Download | visa | ms | ae | UPI | lazada logistics | singpost | QXP | NJV | CJX | J & T,https://html.duckduckgo.com/html/?q=rubber+dumbbells (fallback: Google blocked),2026-07-04
rubber dumbbells,5,https://shopee.sg/list/dumbbells,https://shopee.sg/list/dumbbells,ok,,,,,,https://html.duckduckgo.com/html/?q=rubber+dumbbells (fallback: Google blocked),2026-07-04
rubber dumbbells,6,https://www.carousell.sg/rubber-dumbbell/q/,https://www.carousell.sg/rubber-dumbbell/q/,ok,Rubber dumbbell For Sale | Buy 100+ Rubber dumbbell online | Carousell Singapore,222 'Rubber dumbbell' For Sale in Singapore,,Buy Rubber dumbbell for sale on Carousell Singapore. Connect online directly with trusted sellers via chat to buy your desired item. Browse listings and discover great deals today!,"Carousell logo | Kettler Dumbbells 5kg kilos 11 lbs pounds made in Germany silver grey rep fitness rogue titan Bowflex rubber hex nuobell adjustable powerblock gym bodyweight calisthenics yoga Pilates | Rubber Coated Hex Dumbbells 6 KG with Contoured Chrome Handle [ FITNET ] (negotiable) | Kettler 10KG Rubberized Dumbbell Set | Adjustable Dumbbell Set -Rubber protected | Hex Dumbbell Pair 5KG | Cast Iron + Rubber Coated | Non-Roll Hexagonal Design | Textured Knurled Handle | Home Gym Strength Training | Rubber Hex Dumbbells 12.5KG | DOMYOS Rubber Coated 28mm Dumbbell Weight Disc Set (40KG total) | [EVERYTHING MUST GO - FIRE SALE] Gym Equipment - Bumper Plates, Barbells, Dumbbells, Kettlebells, Commercial Bench, Rower, Rubber Flooring | Rubber Hex Dumbbells – ONLY 10kg Pair Remaining - Discount for Fast Deal! | Kettlebell PVC Kettlebell Soft Integrated Material Exercise Equipment Soft Rubber Base Dumbbells SCM10803 | Restocked! Rubber Coated Hexagon Dumbbell Hex Chrome | 48kg Rubberized mix plate adjustable dumbbell With easy clip on system. (Include 0.5kg) | [FREE DELIVERY] Rubber Coated Hex Dumbbells 8 - 30KG with Contoured Chrome Handle | 🇸🇬Ready Stock!!Hex Dumbbell Hex Rubber Dumbbells 2.5kg ~40kg | Hex dumbbells Rubber Coated kg BN READY STOCK | (JIJI SG) Rubber Coated Hex Dumbbell with Contoured Chrome Handle | Quick Adjustable Flexbell Dumbbell Home Gym Fitness Workout Equipment Treadmill Hex Dumbbell Olympic Barbell Crossfit Tricep Dip Pull Up Bar Hexagon Dumbell Squat Sit Up Bench Press Rubber Bumper Weight Kettlebell Mats Deadlift https://gymzgarage.sg | 2kg Dumbbell set blue rubber coated | Aibi Adjustable Rubber Dumbbells - 8.5kg each",https://html.duckduckgo.com/html/?q=rubber+dumbbells (fallback: Google blocked),2026-07-04
rubber dumbbells,7,https://shopee.sg/list/Dumbbell,https://shopee.sg/list/Dumbbell,ok,,,,,,https://html.duckduckgo.com/html/?q=rubber+dumbbells (fallback: Google blocked),2026-07-04
rubber dumbbells,8,https://gymzgarage.sg/collections/dumbbells,https://gymzgarage.sg/collections/dumbbells,ok,Dumbbells – GYMZGARAGE SINGAPORE,Dumbbells,,Collection Of Various Types of Dumbbells,"GYMZGARAGE SINGAPORE | (1kg - 30kg) Rubberised Hex Dumbbells | 6 Pairs Rubberised Hex Dumbbells & Rack Set | (1kg - 50kg) Rubberised Hex Dumbbells [PRE-ORDER] | 3 Pairs Rubberised Hex Dumbbells & Rack Set | (2.5kg-25kg) Rubberised Hex Dumbbells Set, Optional With Rack | Olympic (2 Inch) Dumbbell Handle Bars (PAIR) | 30kg(2×15kg) Rubberised Dumbbell Kit | Rubberised Hex Dumbbells Set 1kg-10kg, Optional With Rack | 20KG Quick Adjustable Dumbbell | 36KG Quick Adjustable Dumbbell [PRE-ORDER] | 40KG Quick Adjustable Dumbbell [PRE-ORDER] | (1kg-20kg) Rubberised Hex Dumbbells Set, Optional With Rack | 12 Pairs (2.5kg -30kg) Rubberised Hex Dumbbells Set, Optional With Rack [PRE-ORDER] | Round Head Dumbbells Set, Optional With Rack [PRE-ORDER] | 12 Pairs (2.5kg -30kg) Rubberised Hex Dumbbells Set | 20 Pairs (2kg - 40kg) Hexagon Rubber Dumbbell Set [PRE-ORDER]",https://html.duckduckgo.com/html/?q=rubber+dumbbells (fallback: Google blocked),2026-07-04
rubber dumbbells,9,https://www.ebay.com/b/Rubber-Dumbbells/137865/bn_1940966,https://www.ebay.com/b/Rubber-Dumbbells/137865/bn_1940966,ok,Rubber Dumbbells for sale - eBay,Rubber Dumbbells,breadcrumb | Top rated | You may also like | Shop by category | Best selling | Related searches | Review highlights | Results Pagination - Page 1,"Upgrade your workout with Rubber Dumbbells, including Hex Dumbbells and CAP Barbell sets. Enhance your fitness routine. Shop Dumbbells on eBay!","Liberty Lift 15"" Standing Aid & Handicap Bar with No-Slip Grip Handles - Black/Blue | CAP SDRS050 25lb Barbell Coated Hex Dumbbells - Set of 2 | Shake Weight Dumbbell 5lb Arm Firming Muscle Toning Sw1000rt | Dumbbells | Neoprene Dumbbells | Neoprene Dumbbell Sets | Rubber Weight Plates | Rubber Hex Dumbbells | CAP Dumbbell Set with Stand Rubber Encased Home Gym Hand Weights 150lb | CAP Barbell 150lb Rubber Hex Dumbbell Set with Rack - Black | CAP SDRS040 Barbell Coated Hex 20lbs Dumbbell Set - Pair | Cast Iron Hex Dumbbells 50 lb PAIR- Body-Solid SDX50 | CAP Barbell 20 LB Coated Hex Dumbbell Weight SDRIS-020 Edition | AmazonBasics CD15LB 15lbs Rubber Encased Hex Dumbbell Weight | eBay item | BalanceFrom Dumbbell Set with Stand, Rubber Encased Home Gym Hand Weights, 150lb - Image 1 of 4 | BalanceFrom Dumbbell Set with Stand, Rubber Encased Home Gym Hand Weights, 150lb - Image 2 of 4 | BalanceFrom Dumbbell Set with Stand, Rubber Encased Home Gym Hand Weights, 150lb - Image 3 of 4 | BalanceFrom Dumbbell Set with Stand, Rubber Encased Home Gym Hand Weights, 150lb - Image 4 of 4 | Pair of Rubber Coated Hex Dumbbell Hand Weight Set, 3 lb to 50 Pound - Image 1 of 1",https://html.duckduckgo.com/html/?q=rubber+dumbbells (fallback: Google blocked),2026-07-04
rubber dumbbells,10,https://homegym.sg/strength/weights/dumbbell.html,https://homegym.sg/strength/weights/dumbbell.html,ok,Buy Dumbbells & Sets Online in SG - Home Gym Singapore,Dumbbell,Get Your Dumbbells Delivered to Your Doorstep | Address,Scouring the net for a set of affordable dumbbells in Singapore? Visit HomeGym’s online store and check out the wide array of dumbbells for your picking.,Vigor Premium Quick Adjust Dumbbell 2.0 (Display Set) | Vigor Premium Quick Adjust Dumbbell 2.0 | Vigor 41.5kg Smartlock Adjustable Dumbbell (4 to 41.5kg Pair) | 75lbs Ironmaster Quick-Lock Dumbbells | Vigor Quickslot Dumbbell (16/36kg Pair) | Adjustable 2-in-1 Dumbbell & Barbell Set With Carry Case - 30KG | Commercial Chrome Dumbbell Package (1-10kg) | Pro Style Dumbbell Package (2.5 - 25kg) | Hex Dumbbell Package (4 - 30kg) | Hex Dumbbell Package (5 - 25kg) | Hex Dumbbell Package (1 - 20kg) | Rubber Hex Dumbbell (In pairs),https://html.duckduckgo.com/html/?q=rubber+dumbbells (fallback: Google blocked),2026-07-04
