keyword,base_keyword,intent_category,source,source_query,collection_date
Bulk Black Bumper Plates,bumper plates,B2B,SERP page image_alt,https://www.fringesport.com/collections/bumper-plates,2026-07-04
Bulk Savage Bumper Plates,bumper plates,B2B,SERP page image_alt,https://www.fringesport.com/collections/bumper-plates,2026-07-04
bumper plates bulk,bumper plates,B2B,related search pattern,bumper plates,2026-07-04
bumper plates factory,bumper plates,B2B,related search pattern,bumper plates,2026-07-04
bumper plates factory seconds,bumper plates,B2B,Google autocomplete,bumper plates manufacturer,2026-07-04
bumper plates for commercial gym,bumper plates,B2B,related search pattern,bumper plates,2026-07-04
bumper plates supplier,bumper plates,B2B,related search pattern,bumper plates,2026-07-04
Can you estimate a quote for custom logo bumper plates for a gym chain?,bumper plates,B2B,AI simulated query,pricing,2026-07-04
Can you help me compare OEM bumper plates factories for a private label fitness brand?,bumper plates,B2B,AI simulated query,procurement,2026-07-04
"How do I evaluate MOQ, lead time, and quality control for bumper plates wholesale orders?",bumper plates,B2B,AI simulated query,procurement,2026-07-04
How much do bumper plates cost when importing a full container from China?,bumper plates,B2B,AI simulated query,pricing,2026-07-04
"What affects the landed cost of bumper plates, including shipping and duty?",bumper plates,B2B,AI simulated query,pricing,2026-07-04
What is a reasonable wholesale price for bumper plates in 2026?,bumper plates,B2B,AI simulated query,pricing,2026-07-04
What should I ask a bumper plates manufacturer before placing a bulk order?,bumper plates,B2B,AI simulated query,procurement,2026-07-04
Which bumper plates suppliers are best for importing commercial gym equipment from China?,bumper plates,B2B,AI simulated query,procurement,2026-07-04
"000 results for ""bumper plates""",bumper plates,B2C,SERP page h2,https://www.amazon.com/bumper-plates/s?k=bumper+plates,2026-07-04
12 Best Bumper Plates in 2026,bumper plates,B2C,SERP page title,https://garagegymlab.com/best-bumper-plates/,2026-07-04
260 LB Set Crumb Rubber Bumper Plates,bumper plates,B2C,SERP page h2,https://titan.fitness/collections/bumper-plates,2026-07-04
5LB - Rubber-Coated Weight Plates in Pairs,bumper plates,B2C,SERP page image_alt,https://www.amazon.com/bumper-plates/s?k=bumper+plates,2026-07-04
are bumper plates better,bumper plates,B2C,Google autocomplete,how to choose bumper plates,2026-07-04
BalanceFrom Color Coded Olympic Bumper Plate Weight Plate,bumper plates,B2C,SERP page h2,https://www.amazon.com/bumper-plates/s?k=bumper+plates,2026-07-04
Base Bumper Plates 2.0,bumper plates,B2C,SERP page image_alt,https://giantlifting.com/collections/bumper-plates,2026-07-04
Bells of Steel Competition Bumper Plate,bumper plates,B2C,SERP page image_alt,https://www.garagegymreviews.com/best-bumper-plates-guide,2026-07-04
Bells of Steel Dead Bounce Bumper Plates,bumper plates,B2C,SERP page h2,https://barbend.com/best-bumper-plates/,2026-07-04
Bells of Steel Dead Bounce Conflict Bumper Plates,bumper plates,B2C,SERP page image_alt,https://barbend.com/best-bumper-plates/,2026-07-04
Best Budget Bumper Plates,bumper plates,B2C,SERP page h2,https://www.garagegymreviews.com/best-bumper-plates-guide,2026-07-04
best bumper plates,bumper plates,B2C,Google autocomplete,best bumper plates,2026-07-04
best bumper plates 2025,bumper plates,B2C,Google autocomplete,best bumper plates,2026-07-04
best bumper plates canada,bumper plates,B2C,Google autocomplete,best bumper plates,2026-07-04
Best Bumper Plates for Competition,bumper plates,B2C,SERP page h2,https://barbend.com/best-bumper-plates/,2026-07-04
Best Bumper Plates for CrossFit,bumper plates,B2C,SERP page h2,https://barbend.com/best-bumper-plates/,2026-07-04
Best Bumper Plates for Deadlifts,bumper plates,B2C,SERP page h2,https://barbend.com/best-bumper-plates/,2026-07-04
best bumper plates for home gym,bumper plates,B2C,Google autocomplete,best bumper plates,2026-07-04
best bumper plates for home gym reddit,bumper plates,B2C,Google autocomplete,best bumper plates,2026-07-04
best bumper plates for the money,bumper plates,B2C,Google autocomplete,best bumper plates,2026-07-04
Best Bumper Plates for Weightlifting,bumper plates,B2C,SERP page h2,https://barbend.com/best-bumper-plates/,2026-07-04
best bumper plates on amazon,bumper plates,B2C,Google autocomplete,best bumper plates,2026-07-04
Best Bumper Plates Overall,bumper plates,B2C,SERP page h2,https://www.garagegymreviews.com/best-bumper-plates-guide,2026-07-04
best bumper plates reddit,bumper plates,B2C,Google autocomplete,best bumper plates,2026-07-04
best bumper plates uk,bumper plates,B2C,Google autocomplete,best bumper plates,2026-07-04
Best Home Gym Bumper Plates,bumper plates,B2C,SERP page h2,https://www.garagegymreviews.com/best-bumper-plates-guide,2026-07-04
Best Rubber Bumper Plates,bumper plates,B2C,SERP page h2,https://barbend.com/best-bumper-plates/,2026-07-04
Black Bumper Plate Sets,bumper plates,B2C,SERP page image_alt,https://www.fringesport.com/collections/bumper-plates,2026-07-04
Black Bumper Plates,bumper plates,B2C,SERP page image_alt,https://www.fringesport.com/collections/bumper-plates,2026-07-04
Brands of Bumper Plates,bumper plates,B2C,SERP page h2,https://www.fringesport.com/collections/bumper-plates,2026-07-04
bumper plates,bumper plates,B2C,Google autocomplete,bumper plates,2026-07-04
Bumper Plates - Weightlifting Equipment - Fringe Sport,bumper plates,B2C,SERP page title,https://www.fringesport.com/collections/bumper-plates,2026-07-04
Bumper Plates - Weightlifting Plates,bumper plates,B2C,SERP page title,https://www.roguefitness.com/weightlifting-bars-plates/bumpers/bumper-plates,2026-07-04
bumper plates amazon,bumper plates,B2C,related search pattern,bumper plates,2026-07-04
Bumper Plates and Bumper Plate Sets,bumper plates,B2C,SERP page h1,https://www.fringesport.com/collections/bumper-plates,2026-07-04
bumper plates canada,bumper plates,B2C,Google autocomplete,bumper plates,2026-07-04
bumper plates cost,bumper plates,B2C,related search pattern,bumper plates,2026-07-04
bumper plates dimensions,bumper plates,B2C,related search pattern,bumper plates,2026-07-04
bumper plates for home gym,bumper plates,B2C,related search pattern,bumper plates,2026-07-04
bumper plates for sale,bumper plates,B2C,Google autocomplete,bumper plates,2026-07-04
bumper plates gym,bumper plates,B2C,Google autocomplete,bumper plates,2026-07-04
bumper plates near me,bumper plates,B2C,Google autocomplete,bumper plates,2026-07-04
bumper plates nz,bumper plates,B2C,Google autocomplete,bumper plates,2026-07-04
bumper plates price,bumper plates,B2C,related search pattern,bumper plates,2026-07-04
bumper plates set,bumper plates,B2C,Google autocomplete,bumper plates,2026-07-04
Bumper Plates Uses,bumper plates,B2C,SERP page h2,https://www.roguefitness.com/weightlifting-bars-plates/bumpers/bumper-plates,2026-07-04
bumper plates walmart,bumper plates,B2C,Google autocomplete,bumper plates,2026-07-04
color bumper plates,bumper plates,B2C,related search pattern,bumper plates,2026-07-04
Color Competition Bumper Plates - Pounds,bumper plates,B2C,SERP page image_alt,https://www.fringesport.com/collections/bumper-plates,2026-07-04
competition bumper plates,bumper plates,B2C,related search pattern,bumper plates,2026-07-04
Competition Weight Plates,bumper plates,B2C,SERP page image_alt,https://www.amazon.com/bumper-plates/s?k=bumper+plates,2026-07-04
Contrast Bumper Plates,bumper plates,B2C,SERP page image_alt,https://giantlifting.com/collections/bumper-plates,2026-07-04
crumb rubber bumper plates,bumper plates,B2C,related search pattern,bumper plates,2026-07-04
Discover Olympic Bumper Plates at Titan Fitness,bumper plates,B2C,SERP page meta_description,https://titan.fitness/collections/bumper-plates,2026-07-04
DOES FRINGE SPORT CARRY THE CHEAPEST BUMPER PLATES?,bumper plates,B2C,SERP page h2,https://www.fringesport.com/collections/bumper-plates,2026-07-04
durable bumper plate cross-section with steel hook,bumper plates,B2C,SERP page image_alt,https://www.fringesport.com/collections/bumper-plates,2026-07-04
Eleiko IWF Weightlifting Training Plate,bumper plates,B2C,SERP page h2,https://barbend.com/best-bumper-plates/,2026-07-04
Find Your Perfect Set of Bumper Plates,bumper plates,B2C,SERP page h2,https://titan.fitness/collections/bumper-plates,2026-07-04
Floor Protective Weight Plates,bumper plates,B2C,SERP page h2,https://www.amazon.com/bumper-plates/s?k=bumper+plates,2026-07-04
Frequently Asked Questions About Titan Fitness Bumper Plates,bumper plates,B2C,SERP page h2,https://titan.fitness/collections/bumper-plates,2026-07-04
Fringe Sport Black Bumper Plates,bumper plates,B2C,SERP page h2,https://www.garagegymreviews.com/best-bumper-plates-guide,2026-07-04
Fringe Sport Milspec Bumper Plates,bumper plates,B2C,SERP page h2,https://barbend.com/best-bumper-plates/,2026-07-04
GGR Gold Pick – Best Bumper Plates,bumper plates,B2C,SERP page h2,https://www.garagegymreviews.com/best-bumper-plates-guide,2026-07-04
Iron Bull HD Bumper Plates,bumper plates,B2C,SERP page h2,https://barbend.com/best-bumper-plates/,2026-07-04
MilSpec Black Bumper Plates,bumper plates,B2C,SERP page image_alt,https://www.fringesport.com/collections/bumper-plates,2026-07-04
Most Durable Bumper Plates,bumper plates,B2C,SERP page h2,https://barbend.com/best-bumper-plates/,2026-07-04
Nike Grind Bumper Plates,bumper plates,B2C,SERP page h2,https://barbend.com/best-bumper-plates/,2026-07-04
Nike Strength Rubber Bumper Plates,bumper plates,B2C,SERP page image_alt,https://barbend.com/best-bumper-plates/,2026-07-04
Olympic Bumper Plates for Sale,bumper plates,B2C,SERP page title,https://giantlifting.com/collections/bumper-plates,2026-07-04
Olympic lifting & home gyms. Low-bounce virgin rubber,bumper plates,B2C,SERP page meta_description,https://giantlifting.com/collections/bumper-plates,2026-07-04
Pizza Bumper Plates,bumper plates,B2C,SERP page image_alt,https://www.fringesport.com/collections/bumper-plates,2026-07-04
PROIRON Olympic Rubber Bumper Plates,bumper plates,B2C,SERP page h2,https://www.amazon.com/bumper-plates/s?k=bumper+plates,2026-07-04
Rendpas 2-Inch Olympic Bumper Plates,bumper plates,B2C,SERP page image_alt,https://www.amazon.com/bumper-plates/s?k=bumper+plates,2026-07-04
REP Black Bumper Plates,bumper plates,B2C,SERP page image_alt,https://garagegymlab.com/best-bumper-plates/,2026-07-04
REP Black Bumper Plates on Barbell,bumper plates,B2C,SERP page image_alt,https://barbend.com/best-bumper-plates/,2026-07-04
REP Black Bumper Plates Thickness,bumper plates,B2C,SERP page image_alt,https://barbend.com/best-bumper-plates/,2026-07-04
REP Black Bumpers - Best Bumper Plates,bumper plates,B2C,SERP page image_alt,https://garagegymlab.com/best-bumper-plates/,2026-07-04
REP Competition Plates - Best Bumper Plates,bumper plates,B2C,SERP page image_alt,https://garagegymlab.com/best-bumper-plates/,2026-07-04
REP Fitness Black Bumper Plates,bumper plates,B2C,SERP page h2,https://barbend.com/best-bumper-plates/,2026-07-04
Rogue Competition Bumper Plates - Best Bumper Plates,bumper plates,B2C,SERP page image_alt,https://garagegymlab.com/best-bumper-plates/,2026-07-04
Rogue Fleck Plates - Best Bumper Plates,bumper plates,B2C,SERP page image_alt,https://garagegymlab.com/best-bumper-plates/,2026-07-04
Savage Bumper Plate,bumper plates,B2C,SERP page image_alt,https://www.fringesport.com/collections/bumper-plates,2026-07-04
Savage Bumper Plate Sets,bumper plates,B2C,SERP page image_alt,https://www.fringesport.com/collections/bumper-plates,2026-07-04
Savage Weightlifting Competition Plates - kgs,bumper plates,B2C,SERP page image_alt,https://www.fringesport.com/collections/bumper-plates,2026-07-04
Savage Weightlifting Competition Plates - lbs,bumper plates,B2C,SERP page image_alt,https://www.fringesport.com/collections/bumper-plates,2026-07-04
Shop premium Olympic bumper plates for CrossFit,bumper plates,B2C,SERP page meta_description,https://giantlifting.com/collections/bumper-plates,2026-07-04
Solid Cast Iron Weight Plates for Stre...,bumper plates,B2C,SERP page image_alt,https://www.amazon.com/bumper-plates/s?k=bumper+plates,2026-07-04
The 8 Best Bumper Plates,bumper plates,B2C,SERP page h2,https://www.garagegymreviews.com/best-bumper-plates-guide,2026-07-04
The 9 Best Bumper Plates of 2026,bumper plates,B2C,SERP page h1,https://barbend.com/best-bumper-plates/,2026-07-04
The Best Bumper Plates,bumper plates,B2C,SERP page title,https://www.garagegymreviews.com/best-bumper-plates-guide,2026-07-04
The Best Bumper Plates for 2026,bumper plates,B2C,SERP page h1,https://www.garagegymreviews.com/best-bumper-plates-guide,2026-07-04
Titan Bumper Plates,bumper plates,B2C,SERP page h2,https://titan.fitness/collections/bumper-plates,2026-07-04
Titan Fitness Economy Black Bumper Plates,bumper plates,B2C,SERP page h2,https://www.garagegymreviews.com/best-bumper-plates-guide,2026-07-04
Titan Fitness Elite Bumper Plates,bumper plates,B2C,SERP page image_alt,https://garagegymlab.com/best-bumper-plates/,2026-07-04
Titan Fitness Elite Olympic Bumper Plates,bumper plates,B2C,SERP page image_alt,https://www.amazon.com/bumper-plates/s?k=bumper+plates,2026-07-04
Top Picks for Rubber and Urethane Plates,bumper plates,B2C,SERP page title,https://garagegymlab.com/best-bumper-plates/,2026-07-04
virgin rubber bumper plates,bumper plates,B2C,related search pattern,bumper plates,2026-07-04
Vulcan Alpha Bumper Plates - Best Weight Plates,bumper plates,B2C,SERP page image_alt,https://garagegymlab.com/best-bumper-plates/,2026-07-04
where to buy bumper plates,bumper plates,B2C,related search pattern,bumper plates,2026-07-04
woman weight lifting with patented CAP adjustable dumbbells,bumper plates,B2C,SERP page image_alt,https://capbarbell.com/collections/weight-plates,2026-07-04
Are China-made bumper plates reliable compared with US retail brands?,bumper plates,informational,AI simulated query,comparison,2026-07-04
best bumper plates garage gym reviews,bumper plates,informational,Google autocomplete,best bumper plates,2026-07-04
Best Bumper Plates Video Review,bumper plates,informational,SERP page h2,https://www.garagegymreviews.com/best-bumper-plates-guide,2026-07-04
bumper plates kg vs lb,bumper plates,informational,related search pattern,bumper plates,2026-07-04
bumper plates review,bumper plates,informational,related search pattern,bumper plates,2026-07-04
bumper plates sizes,bumper plates,informational,related search pattern,bumper plates,2026-07-04
bumper plates vs,bumper plates,informational,related search pattern,bumper plates,2026-07-04
bumper plates vs iron plates,bumper plates,informational,Google autocomplete,bumper plates,2026-07-04
bumper plates vs weight plates,bumper plates,informational,Google autocomplete,bumper plates,2026-07-04
bumper plates weight chart,bumper plates,informational,related search pattern,bumper plates,2026-07-04
Compare cheap bumper plates and premium bumper plates for durability and odor.,bumper plates,informational,AI simulated query,comparison,2026-07-04
How do I choose the right bumper plates for a new gym opening?,bumper plates,informational,AI simulated query,selection,2026-07-04
How do I reduce rubber smell from new bumper plates?,bumper plates,informational,AI simulated query,maintenance,2026-07-04
How long should quality bumper plates last in a commercial gym?,bumper plates,informational,AI simulated query,maintenance,2026-07-04
how much are bumper plates per pound,bumper plates,informational,Google autocomplete,bumper plates wholesale,2026-07-04
How should commercial gyms clean and maintain bumper plates?,bumper plates,informational,AI simulated query,maintenance,2026-07-04
how to choose bumper plates,bumper plates,informational,related search pattern,bumper plates,2026-07-04
how to clean bumper plates,bumper plates,informational,related search pattern,bumper plates,2026-07-04
Rubber with Steel Hub Insert,bumper plates,informational,SERP page image_alt,https://www.amazon.com/bumper-plates/s?k=bumper+plates,2026-07-04
what are bumper plates,bumper plates,informational,Google autocomplete,bumper plates wholesale,2026-07-04
"What causes bumper plates to crack, fade, or chip after heavy use?",bumper plates,informational,AI simulated query,maintenance,2026-07-04
"What is the difference between rubber, urethane, and cast iron bumper plates?",bumper plates,informational,AI simulated query,comparison,2026-07-04
What sizes and weight increments should a gym buy for bumper plates?,bumper plates,informational,AI simulated query,selection,2026-07-04
What specifications matter most when buying bumper plates in bulk?,bumper plates,informational,AI simulated query,selection,2026-07-04
WHAT TO LOOK FOR IN BUMPER PLATES,bumper plates,informational,SERP page h2,https://www.fringesport.com/collections/bumper-plates,2026-07-04
Which bumper plates are better for commercial gyms versus home gyms?,bumper plates,informational,AI simulated query,comparison,2026-07-04
Which bumper plates are safest for beginners and high-traffic training areas?,bumper plates,informational,AI simulated query,selection,2026-07-04
Why Invest in Color Bumper Plates,bumper plates,informational,SERP page h2,https://www.fringesport.com/collections/bumper-plates,2026-07-04
Why We Like Fringe Sport Black Bumper Plates,bumper plates,informational,SERP page h2,https://www.garagegymreviews.com/best-bumper-plates-guide,2026-07-04
Why We Like Rogue Echo Bumper Plates,bumper plates,informational,SERP page h2,https://www.garagegymreviews.com/best-bumper-plates-guide,2026-07-04
Can you estimate a quote for custom logo dumbbell for a gym chain?,dumbbell,B2B,AI simulated query,pricing,2026-07-04
Can you help me compare OEM dumbbell factories for a private label fitness brand?,dumbbell,B2B,AI simulated query,procurement,2026-07-04
custom logo dumbbells,dumbbell,B2B,related search pattern,dumbbell,2026-07-04
dumbbell bulk,dumbbell,B2B,related search pattern,dumbbell,2026-07-04
dumbbell factory,dumbbell,B2B,related search pattern,dumbbell,2026-07-04
dumbbell for commercial gym,dumbbell,B2B,related search pattern,dumbbell,2026-07-04
dumbbell manufacturer,dumbbell,B2B,related search pattern,dumbbell,2026-07-04
dumbbell manufacturers,dumbbell,B2B,Google autocomplete,dumbbell manufacturer,2026-07-04
dumbbell manufacturers in ahmedabad,dumbbell,B2B,Google autocomplete,dumbbell manufacturer,2026-07-04
dumbbell manufacturers in bangalore,dumbbell,B2B,Google autocomplete,dumbbell manufacturer,2026-07-04
dumbbell manufacturers in coimbatore,dumbbell,B2B,Google autocomplete,dumbbell manufacturer,2026-07-04
dumbbell manufacturers in delhi,dumbbell,B2B,Google autocomplete,dumbbell manufacturer,2026-07-04
dumbbell manufacturers in india,dumbbell,B2B,Google autocomplete,dumbbell manufacturer,2026-07-04
dumbbell manufacturers in jalandhar,dumbbell,B2B,Google autocomplete,dumbbell manufacturer,2026-07-04
dumbbell manufacturers in meerut,dumbbell,B2B,Google autocomplete,dumbbell manufacturer,2026-07-04
dumbbell manufacturers in mumbai,dumbbell,B2B,Google autocomplete,dumbbell manufacturer,2026-07-04
dumbbell manufacturers near me,dumbbell,B2B,Google autocomplete,dumbbell manufacturer,2026-07-04
dumbbell supplier,dumbbell,B2B,related search pattern,dumbbell,2026-07-04
dumbbell wholesale,dumbbell,B2B,Google autocomplete,dumbbell wholesale,2026-07-04
dumbbell wholesale market,dumbbell,B2B,Google autocomplete,dumbbell wholesale,2026-07-04
dumbbell wholesale market in delhi,dumbbell,B2B,Google autocomplete,dumbbell wholesale,2026-07-04
dumbbell wholesale market in mumbai,dumbbell,B2B,Google autocomplete,dumbbell wholesale,2026-07-04
dumbbell wholesale market near me,dumbbell,B2B,Google autocomplete,dumbbell wholesale,2026-07-04
dumbbell wholesale near me,dumbbell,B2B,Google autocomplete,dumbbell wholesale,2026-07-04
dumbbell wholesale price,dumbbell,B2B,Google autocomplete,dumbbell wholesale,2026-07-04
dumbbell wholesale rate,dumbbell,B2B,Google autocomplete,dumbbell wholesale,2026-07-04
dumbbell wholesale shop near me,dumbbell,B2B,Google autocomplete,dumbbell wholesale,2026-07-04
dumbbells wholesale in hyderabad,dumbbell,B2B,Google autocomplete,dumbbell wholesale,2026-07-04
fixed dumbbell set commercial,dumbbell,B2B,related search pattern,dumbbell,2026-07-04
"How do I evaluate MOQ, lead time, and quality control for dumbbell wholesale orders?",dumbbell,B2B,AI simulated query,procurement,2026-07-04
How much do dumbbell cost when importing a full container from China?,dumbbell,B2B,AI simulated query,pricing,2026-07-04
Professional PU Dumbbell with Customized Logo,dumbbell,B2B,SERP page image_alt,https://www.movementfirst.sg/52-dumbbells,2026-07-04
Professional PU Dumbbell with Customized Logo 2,dumbbell,B2B,SERP page image_alt,https://www.movementfirst.sg/52-dumbbells,2026-07-04
rubber coated dumbbells wholesale,dumbbell,B2B,related search pattern,dumbbell,2026-07-04
"What affects the landed cost of dumbbell, including shipping and duty?",dumbbell,B2B,AI simulated query,pricing,2026-07-04
What is a reasonable wholesale price for dumbbell in 2026?,dumbbell,B2B,AI simulated query,pricing,2026-07-04
What should I ask a dumbbell manufacturer before placing a bulk order?,dumbbell,B2B,AI simulated query,procurement,2026-07-04
Which dumbbell suppliers are best for importing commercial gym equipment from China?,dumbbell,B2B,AI simulated query,procurement,2026-07-04
"000 results for ""dumbbells""",dumbbell,B2C,SERP page h2,https://www.amazon.com/dumbbells/s?k=dumbbells,2026-07-04
10-in-1 Adjustable Dumbbells ...,dumbbell,B2C,SERP page image_alt,https://www.amazon.com/dumbbells/s?k=dumbbells,2026-07-04
10-in-1 Adjustable Dumbbells with Tray,dumbbell,B2C,SERP page h2,https://www.amazon.com/dumbbells/s?k=dumbbells,2026-07-04
10lb Neoprene Dumbbell,dumbbell,B2C,SERP page image_alt,https://www.walmart.com/browse/sports-outdoors/dumbbells/4125_4134_1026285_1078284_1078285,2026-07-04
10LB Pair Adjustable Weights for Women at Home,dumbbell,B2C,SERP page image_alt,https://www.amazon.com/dumbbells-dumbbell-set/b?node=3408401,2026-07-04
13 Best Dumbbells of 2026,dumbbell,B2C,SERP page title,https://www.nbcnews.com/select/shopping/best-dumbbells-rcna251039,2026-07-04
2.5-65 lb Rubber Encased Exercise & Fitness Dumbbells,dumbbell,B2C,SERP page image_alt,https://www.amazon.com/dumbbells/s?k=dumbbells,2026-07-04
2026 Upgrade Adjustable Dumbbell Set 25lb,dumbbell,B2C,SERP page h2,https://www.amazon.com/dumbbells/s?k=dumbbells,2026-07-04
20lb Rubber Hex Dumbbell,dumbbell,B2C,SERP page image_alt,https://www.walmart.com/browse/sports-outdoors/dumbbells/4125_4134_1026285_1078284_1078285,2026-07-04
3 in 1 Free Weights Dumbbells S...,dumbbell,B2C,SERP page image_alt,https://www.amazon.com/dumbbells-dumbbell-set/b?node=3408401,2026-07-04
3lb Rubber Hex Dumbbell,dumbbell,B2C,SERP page image_alt,https://www.walmart.com/browse/sports-outdoors/dumbbells/4125_4134_1026285_1078284_1078285,2026-07-04
4 in1 Dumbbells Set Used as Barbell,dumbbell,B2C,SERP page image_alt,https://www.amazon.com/dumbbells/s?k=dumbbells,2026-07-04
5 in 1 Weight Set Used as Kettleb...,dumbbell,B2C,SERP page image_alt,https://www.amazon.com/dumbbells/s?k=dumbbells,2026-07-04
5 in 1 Weight Set Used as Kettlebells,dumbbell,B2C,SERP page h2,https://www.amazon.com/dumbbells/s?k=dumbbells,2026-07-04
5 in1 Dumbbells Set Used as Barbel...,dumbbell,B2C,SERP page image_alt,https://www.amazon.com/dumbbells-dumbbell-set/b?node=3408401,2026-07-04
5 in1 Dumbbells Set Used as Barbell,dumbbell,B2C,SERP page h2,https://www.amazon.com/dumbbells/s?k=dumbbells,2026-07-04
5-50 Pound Set of REP Fitness Hex Dumbbells,dumbbell,B2C,SERP page image_alt,https://barbend.com/best-dumbbells/,2026-07-04
5-in-1 Dumbbells Set Includes Barbe...,dumbbell,B2C,SERP page image_alt,https://www.amazon.com/dumbbells-dumbbell-set/b?node=3408401,2026-07-04
80lbs Dumbbells Set,dumbbell,B2C,SERP page image_alt,https://www.amazon.com/dumbbells/s?k=dumbbells,2026-07-04
80lbs Free Weight Set with Connector,dumbbell,B2C,SERP page image_alt,https://www.amazon.com/dumbbells/s?k=dumbbells,2026-07-04
90LB Ajustable Dumbbells with Safe Locking System,dumbbell,B2C,SERP page image_alt,https://www.amazon.com/dumbbells/s?k=dumbbells,2026-07-04
90lbs Free Weight Set with Connector,dumbbell,B2C,SERP page h2,https://www.amazon.com/dumbbells/s?k=dumbbells,2026-07-04
90lbs Free Weight Set With Double Locknut,dumbbell,B2C,SERP page image_alt,https://www.amazon.com/dumbbells-dumbbell-set/b?node=3408401,2026-07-04
90lbs Free Weights set with upgraded nut,dumbbell,B2C,SERP page h2,https://www.amazon.com/dumbbells/s?k=dumbbells,2026-07-04
Adjustable Dumbbell 25lb,dumbbell,B2C,SERP page image_alt,https://www.movementfirst.sg/52-dumbbells,2026-07-04
Adjustable Dumbbells Set,dumbbell,B2C,SERP page image_alt,https://www.amazon.com/dumbbells/s?k=dumbbells,2026-07-04
All in Motion Dumbbell,dumbbell,B2C,SERP page h2,https://www.nbcnews.com/select/shopping/best-dumbbells-rcna251039,2026-07-04
Amazon Basics Adjustable Dumbbell,dumbbell,B2C,SERP page image_alt,https://www.amazon.com/dumbbells/s?k=dumbbells,2026-07-04
Amazon Basics Neoprene Dumbbell Hand Weights,dumbbell,B2C,SERP page h2,https://www.nbcnews.com/select/shopping/best-dumbbells-rcna251039,2026-07-04
Amazon Basics Rubber Encased Hex Dumbbell,dumbbell,B2C,SERP page h2,https://www.nbcnews.com/select/shopping/best-dumbbells-rcna251039,2026-07-04
Amazon Basics Rubber Hex Dumbbell Hand Weight,dumbbell,B2C,SERP page h2,https://www.amazon.com/dumbbells/s?k=dumbbells,2026-07-04
ARVIVO 2PCS 10-80lb Adjustable Dumbbell Set,dumbbell,B2C,SERP page image_alt,https://www.walmart.com/browse/sports-outdoors/dumbbells/4125_4134_1026285_1078284_1078285,2026-07-04
BalanceFrom Rubber Encased Hex Dumbbells,dumbbell,B2C,SERP page image_alt,https://www.walmart.com/browse/sports-outdoors/dumbbells/4125_4134_1026285_1078284_1078285,2026-07-04
BarBend tester adjusting Snode adjustable dumbbell.,dumbbell,B2C,SERP page image_alt,https://barbend.com/best-dumbbells/,2026-07-04
BarBend tester trying the Snode dumbbell.,dumbbell,B2C,SERP page image_alt,https://barbend.com/best-dumbbells/,2026-07-04
BDSHE Adjustable Dumbbell Set,dumbbell,B2C,SERP page image_alt,https://www.amazon.com/dumbbells/s?k=dumbbells,2026-07-04
Bells of Steel Rubber Hex Dumbbells,dumbbell,B2C,SERP page h2,https://barbend.com/best-dumbbells/,2026-07-04
Best adjustable dumbbells,dumbbell,B2C,SERP page h2,https://www.nbcnews.com/select/shopping/best-dumbbells-rcna251039,2026-07-04
Best Block Dumbbells,dumbbell,B2C,SERP page h2,https://barbend.com/best-dumbbells/,2026-07-04
best dumbbell,dumbbell,B2C,related search pattern,dumbbell,2026-07-04
Best Dumbbell for Home,dumbbell,B2C,SERP page h2,https://barbend.com/best-dumbbells/,2026-07-04
Best Dumbbell Rack,dumbbell,B2C,SERP page h2,https://barbend.com/best-dumbbells/,2026-07-04
best dumbbell set,dumbbell,B2C,Google autocomplete,best dumbbell,2026-07-04
best dumbbell set for home gym,dumbbell,B2C,Google autocomplete,best dumbbell,2026-07-04
best dumbbells,dumbbell,B2C,Google autocomplete,best dumbbell,2026-07-04
Best Dumbbells Overall,dumbbell,B2C,SERP page h2,https://barbend.com/best-dumbbells/,2026-07-04
Best Heavy Adjustable Dumbbells,dumbbell,B2C,SERP page h2,https://barbend.com/best-dumbbells/,2026-07-04
Best Hex Dumbbells,dumbbell,B2C,SERP page h2,https://barbend.com/best-dumbbells/,2026-07-04
CAP Barbell Cast Iron Hex Dumbbell,dumbbell,B2C,SERP page meta_description,https://www.walmart.com/browse/sports-outdoors/dumbbells/4125_4134_1026285_1078284_1078285,2026-07-04
CAP Barbell Coated Dumbbell,dumbbell,B2C,SERP page h2,https://www.nbcnews.com/select/shopping/best-dumbbells-rcna251039,2026-07-04
CAP Barbell Coated Hex Dumbbell Weight - Single,dumbbell,B2C,SERP page h2,https://www.amazon.com/dumbbells/s?k=dumbbells,2026-07-04
Core Home Fitness Adjustable Dumbbell Set,dumbbell,B2C,SERP page image_alt,https://www.nbcnews.com/select/shopping/best-dumbbells-rcna251039,2026-07-04
Cvonte Adjustable Dumbbell Set,dumbbell,B2C,SERP page image_alt,https://www.amazon.com/dumbbells-dumbbell-set/b?node=3408401,2026-07-04
dumbbell,dumbbell,B2C,Google autocomplete,dumbbell,2026-07-04
dumbbell amazon,dumbbell,B2C,related search pattern,dumbbell,2026-07-04
dumbbell bench press,dumbbell,B2C,Google autocomplete,dumbbell,2026-07-04
dumbbell bicep curl,dumbbell,B2C,Google autocomplete,dumbbell,2026-07-04
dumbbell cost,dumbbell,B2C,related search pattern,dumbbell,2026-07-04
dumbbell curl,dumbbell,B2C,Google autocomplete,dumbbell,2026-07-04
dumbbell dimensions,dumbbell,B2C,related search pattern,dumbbell,2026-07-04
dumbbell for home gym,dumbbell,B2C,related search pattern,dumbbell,2026-07-04
dumbbell lateral raise,dumbbell,B2C,Google autocomplete,dumbbell,2026-07-04
dumbbell near me,dumbbell,B2C,related search pattern,dumbbell,2026-07-04
Dumbbell Olympic Handle,dumbbell,B2C,SERP page image_alt,https://www.movementfirst.sg/52-dumbbells,2026-07-04
dumbbell overhead press,dumbbell,B2C,Google autocomplete,dumbbell,2026-07-04
dumbbell price,dumbbell,B2C,related search pattern,dumbbell,2026-07-04
dumbbell pullover,dumbbell,B2C,Google autocomplete,dumbbell,2026-07-04
dumbbell romanian deadlift,dumbbell,B2C,Google autocomplete,dumbbell,2026-07-04
dumbbell row,dumbbell,B2C,Google autocomplete,dumbbell,2026-07-04
dumbbell set,dumbbell,B2C,related search pattern,dumbbell,2026-07-04
dumbbell shoulder press,dumbbell,B2C,Google autocomplete,dumbbell,2026-07-04
Dumbbells - Walmart.com,dumbbell,B2C,SERP page title,https://www.walmart.com/browse/sports-outdoors/dumbbells/4125_4134_1026285_1078284_1078285,2026-07-04
Each Adjustable Weight Dumbbell with 6 Levels 4.4,dumbbell,B2C,SERP page image_alt,https://www.amazon.com/dumbbells/s?k=dumbbells,2026-07-04
EQUIPRO Adjustable Dumbbell Set,dumbbell,B2C,SERP page image_alt,https://www.amazon.com/dumbbells/s?k=dumbbells,2026-07-04
Exercise & Fitness Dumbbells,dumbbell,B2C,SERP page title,https://www.amazon.com/dumbbells-dumbbell-set/b?node=3408401,2026-07-04
Exercise Free Weights for Home Gym,dumbbell,B2C,SERP page image_alt,https://www.amazon.com/dumbbells/s?k=dumbbells,2026-07-04
FEIERDUN DB3 5-in-1 Adjustable Dumbbell Set,dumbbell,B2C,SERP page image_alt,https://www.amazon.com/dumbbells-dumbbell-set/b?node=3408401,2026-07-04
FEIERDUN DS2 Adjustable Dumbbells,dumbbell,B2C,SERP page h2,https://www.amazon.com/dumbbells-dumbbell-set/b?node=3408401,2026-07-04
Fit Sir Adjustable Dumbbell Set,dumbbell,B2C,SERP page image_alt,https://www.amazon.com/dumbbells/s?k=dumbbells,2026-07-04
FITPLAM Adjustable dumbbell set,dumbbell,B2C,SERP page h2,https://www.amazon.com/dumbbells/s?k=dumbbells,2026-07-04
FitRx Adjustable Dumbbells,dumbbell,B2C,SERP page image_alt,https://www.walmart.com/browse/sports-outdoors/dumbbells/4125_4134_1026285_1078284_1078285,2026-07-04
FLYBIRD Fitness 55 LB Adjustable Dumbbell,dumbbell,B2C,SERP page h2,https://barbend.com/best-dumbbells/,2026-07-04
HANDBODE Hex Dumbbell Set,dumbbell,B2C,SERP page image_alt,https://www.amazon.com/dumbbells/s?k=dumbbells,2026-07-04
hex rubber dumbbells,dumbbell,B2C,related search pattern,dumbbell,2026-07-04
Hezeyferg 30.8LB Adjustable Dumbbell Set,dumbbell,B2C,SERP page image_alt,https://www.amazon.com/dumbbells/s?k=dumbbells,2026-07-04
Jake Doing Rows with the Snode Adjustable Dumbbells,dumbbell,B2C,SERP page image_alt,https://barbend.com/best-dumbbells/,2026-07-04
Jake tests the REP Fitness Rubber Hex Dumbbells,dumbbell,B2C,SERP page image_alt,https://barbend.com/best-dumbbells/,2026-07-04
Lifepro Adjustable Dumbbells Set,dumbbell,B2C,SERP page image_alt,https://www.nbcnews.com/select/shopping/best-dumbbells-rcna251039,2026-07-04
Man holding an adjustable dumbbell,dumbbell,B2C,SERP page image_alt,https://www.nbcnews.com/select/shopping/best-dumbbells-rcna251039,2026-07-04
Marcy Colored Neoprene Dumbbell,dumbbell,B2C,SERP page image_alt,https://www.amazon.com/dumbbells/s?k=dumbbells,2026-07-04
McBig Adjustable Dumbbells,dumbbell,B2C,SERP page image_alt,https://www.nbcnews.com/select/shopping/best-dumbbells-rcna251039,2026-07-04
Most Durable Dumbbells,dumbbell,B2C,SERP page h2,https://barbend.com/best-dumbbells/,2026-07-04
Non-Slip Hand Weights for Home Gym,dumbbell,B2C,SERP page image_alt,https://www.amazon.com/dumbbells/s?k=dumbbells,2026-07-04
NordicTrack Select-A-Weight Dumbbells,dumbbell,B2C,SERP page h2,https://www.nbcnews.com/select/shopping/best-dumbbells-rcna251039,2026-07-04
Nuobell 80-Pound Classic Adjustable Dumbbells,dumbbell,B2C,SERP page image_alt,https://www.nbcnews.com/select/shopping/best-dumbbells-rcna251039,2026-07-04
NÜOBELL Adjustable Dumbbell Steel Handle,dumbbell,B2C,SERP page image_alt,https://barbend.com/best-dumbbells/,2026-07-04
NÜOBELL Adjustable Dumbbell Steel Weight Plates,dumbbell,B2C,SERP page image_alt,https://barbend.com/best-dumbbells/,2026-07-04
NÜOBELL Adjustable Dumbbells,dumbbell,B2C,SERP page h2,https://barbend.com/best-dumbbells/,2026-07-04
Our BarBend tester using the Nuobell adjustable dumbbells.,dumbbell,B2C,SERP page image_alt,https://barbend.com/best-dumbbells/,2026-07-04
Plastic Adjustable Dumbbell Set,dumbbell,B2C,SERP page image_alt,https://www.movementfirst.sg/52-dumbbells,2026-07-04
Plastic Adjustable Dumbbell Set 2,dumbbell,B2C,SERP page image_alt,https://www.movementfirst.sg/52-dumbbells,2026-07-04
Portzon Weights Dumbbells,dumbbell,B2C,SERP page h2,https://www.nbcnews.com/select/shopping/best-dumbbells-rcna251039,2026-07-04
PowerBlock Pro 100 EXP Adjustable Dumbbells,dumbbell,B2C,SERP page h2,https://barbend.com/best-dumbbells/,2026-07-04
PowerBlock PRO EXP Adjustable Dumbbells,dumbbell,B2C,SERP page h2,https://www.nbcnews.com/select/shopping/best-dumbbells-rcna251039,2026-07-04
Premium Adjustable Dumbbell,dumbbell,B2C,SERP page image_alt,https://www.movementfirst.sg/52-dumbbells,2026-07-04
Premium Dumbbell Rack,dumbbell,B2C,SERP page image_alt,https://www.movementfirst.sg/52-dumbbells,2026-07-04
Quick-Lock Square Weight Dumbbells for Home Gym,dumbbell,B2C,SERP page image_alt,https://www.walmart.com/browse/sports-outdoors/dumbbells/4125_4134_1026285_1078284_1078285,2026-07-04
Ragebby Adjustable Dumbbell Set of 2,dumbbell,B2C,SERP page image_alt,https://www.amazon.com/dumbbells-dumbbell-set/b?node=3408401,2026-07-04
Reebok Delta Hex Weight - 10lb Pair,dumbbell,B2C,SERP page image_alt,https://www.walmart.com/browse/sports-outdoors/dumbbells/4125_4134_1026285_1078284_1078285,2026-07-04
Removing the NÜOBELL Adjustable Dumbbells from their cradle.,dumbbell,B2C,SERP page image_alt,https://barbend.com/best-dumbbells/,2026-07-04
REP Fitness Ergo Hex Dumbbells,dumbbell,B2C,SERP page h2,https://barbend.com/best-dumbbells/,2026-07-04
REP Fitness REP x Pepin Adjustable Dumbbells,dumbbell,B2C,SERP page h2,https://barbend.com/best-dumbbells/,2026-07-04
REP Fitness Rubber Hex Dumbbells,dumbbell,B2C,SERP page h2,https://www.nbcnews.com/select/shopping/best-dumbbells-rcna251039,2026-07-04
REP Fitness Rubber-Coated Dumbbells,dumbbell,B2C,SERP page h2,https://barbend.com/best-dumbbells/,2026-07-04
REP Pepin Fast Series Adjustable Dumbbell,dumbbell,B2C,SERP page image_alt,https://barbend.com/best-dumbbells/,2026-07-04
SMRTFT Nüobell Adjustable Dumbbell.,dumbbell,B2C,SERP page image_alt,https://barbend.com/best-dumbbells/,2026-07-04
Snode Adjustable Dumbbell Cast Iron Weight Plate,dumbbell,B2C,SERP page image_alt,https://barbend.com/best-dumbbells/,2026-07-04
Snode Adjustable Dumbbell Knurled Handle,dumbbell,B2C,SERP page image_alt,https://barbend.com/best-dumbbells/,2026-07-04
Snode Adjustable Dumbbells,dumbbell,B2C,SERP page image_alt,https://barbend.com/best-dumbbells/,2026-07-04
Snode Sport AD80 Adjustable Dumbbells,dumbbell,B2C,SERP page h2,https://barbend.com/best-dumbbells/,2026-07-04
Someone holding a set of Stakt dumbbell weights,dumbbell,B2C,SERP page image_alt,https://www.nbcnews.com/select/shopping/best-dumbbells-rcna251039,2026-07-04
The 12 Best Dumbbells of 2026,dumbbell,B2C,SERP page title,https://barbend.com/best-dumbbells/,2026-07-04
The best dumbbells of 2026,dumbbell,B2C,SERP page h2,https://www.nbcnews.com/select/shopping/best-dumbbells-rcna251039,2026-07-04
UNNMIIY Adjustable Dumbbells,dumbbell,B2C,SERP page image_alt,https://www.amazon.com/dumbbells/s?k=dumbbells,2026-07-04
Vertical Dumbbell Rack,dumbbell,B2C,SERP page image_alt,https://www.movementfirst.sg/52-dumbbells,2026-07-04
Weights Dumbbells Set of 2,dumbbell,B2C,SERP page image_alt,https://www.amazon.com/dumbbells/s?k=dumbbells,2026-07-04
where to buy dumbbell,dumbbell,B2C,related search pattern,dumbbell,2026-07-04
Woman holding pink 3-pound dumbbell,dumbbell,B2C,SERP page image_alt,https://www.nbcnews.com/select/shopping/best-dumbbells-rcna251039,2026-07-04
YOTTOY Dumbbell Set of 2,dumbbell,B2C,SERP page image_alt,https://www.amazon.com/dumbbells/s?k=dumbbells,2026-07-04
2-15 Pound Hand Weights for Women,dumbbell,informational,SERP page image_alt,https://www.amazon.com/dumbbells/s?k=dumbbells,2026-07-04
4-in-1 Free Weights for Women,dumbbell,informational,SERP page image_alt,https://www.amazon.com/dumbbells/s?k=dumbbells,2026-07-04
Anti-Roll Weights for Fitness,dumbbell,informational,SERP page image_alt,https://www.walmart.com/browse/sports-outdoors/dumbbells/4125_4134_1026285_1078284_1078285,2026-07-04
Are China-made dumbbell reliable compared with US retail brands?,dumbbell,informational,AI simulated query,comparison,2026-07-04
best dumbbell back exercises,dumbbell,informational,Google autocomplete,best dumbbell,2026-07-04
best dumbbell bicep exercises,dumbbell,informational,Google autocomplete,best dumbbell,2026-07-04
best dumbbell chest exercises,dumbbell,informational,Google autocomplete,best dumbbell,2026-07-04
best dumbbell exercises,dumbbell,informational,Google autocomplete,best dumbbell,2026-07-04
best dumbbell shoulder exercises,dumbbell,informational,Google autocomplete,best dumbbell,2026-07-04
best dumbbell tricep exercises,dumbbell,informational,Google autocomplete,best dumbbell,2026-07-04
best dumbbell workouts,dumbbell,informational,Google autocomplete,best dumbbell,2026-07-04
Best Dumbbells Video Review,dumbbell,informational,SERP page h2,https://barbend.com/best-dumbbells/,2026-07-04
Compare cheap dumbbell and premium dumbbell for durability and odor.,dumbbell,informational,AI simulated query,comparison,2026-07-04
"document:q,pop:q,prototype:q,call:q,floor:q,stack:q,propertyIsEnumerable:q,splice:q}),d=75):d==87?",dumbbell,informational,people also ask,dumbbell,2026-07-04
"document||document,g=b):g==12?",dumbbell,informational,people also ask,dumbbell,2026-07-04
dumbbell review,dumbbell,informational,related search pattern,dumbbell,2026-07-04
dumbbell sizes,dumbbell,informational,related search pattern,dumbbell,2026-07-04
dumbbell vs,dumbbell,informational,related search pattern,dumbbell,2026-07-04
dumbbell weight chart,dumbbell,informational,related search pattern,dumbbell,2026-07-04
Durable Rubber Coating,dumbbell,informational,SERP page image_alt,https://www.walmart.com/browse/sports-outdoors/dumbbells/4125_4134_1026285_1078284_1078285,2026-07-04
FF Finer Form 5-in-1 Weight Bench,dumbbell,informational,SERP page h2,https://www.amazon.com/dumbbells/s?k=dumbbells,2026-07-04
Hand Weight ...,dumbbell,informational,SERP page image_alt,https://www.amazon.com/dumbbells/s?k=dumbbells,2026-07-04
How do I choose the right dumbbell for a new gym opening?,dumbbell,informational,AI simulated query,selection,2026-07-04
How do I reduce rubber smell from new dumbbell?,dumbbell,informational,AI simulated query,maintenance,2026-07-04
How I picked the best dumbbells,dumbbell,informational,SERP page h2,https://www.nbcnews.com/select/shopping/best-dumbbells-rcna251039,2026-07-04
How long should quality dumbbell last in a commercial gym?,dumbbell,informational,AI simulated query,maintenance,2026-07-04
How should commercial gyms clean and maintain dumbbell?,dumbbell,informational,AI simulated query,maintenance,2026-07-04
how to choose dumbbell,dumbbell,informational,related search pattern,dumbbell,2026-07-04
how to choose dumbbell weight,dumbbell,informational,Google autocomplete,how to choose dumbbell,2026-07-04
how to choose dumbbell weight female,dumbbell,informational,Google autocomplete,how to choose dumbbell,2026-07-04
how to choose dumbbell weight for beginners,dumbbell,informational,Google autocomplete,how to choose dumbbell,2026-07-04
how to choose dumbbells,dumbbell,informational,Google autocomplete,how to choose dumbbell,2026-07-04
how to choose dumbbells for home workout,dumbbell,informational,Google autocomplete,how to choose dumbbell,2026-07-04
how to clean dumbbell,dumbbell,informational,related search pattern,dumbbell,2026-07-04
how to pick up dumbbells for bench press,dumbbell,informational,Google autocomplete,how to choose dumbbell,2026-07-04
how to pick up dumbbells from floor,dumbbell,informational,Google autocomplete,how to choose dumbbell,2026-07-04
how to set dumbbell,dumbbell,informational,Google autocomplete,how to choose dumbbell,2026-07-04
how to set dumbbell bench press,dumbbell,informational,Google autocomplete,how to choose dumbbell,2026-07-04
how to set up dumbbell incline press,dumbbell,informational,Google autocomplete,how to choose dumbbell,2026-07-04
"is not in parent component"");if(Q==64)Q=d&&b?",dumbbell,informational,people also ask,dumbbell,2026-07-04
isArray(n)?,dumbbell,informational,people also ask,dumbbell,2026-07-04
isArray(p)?,dumbbell,informational,people also ask,dumbbell,2026-07-04
isArray(V)?,dumbbell,informational,people also ask,dumbbell,2026-07-04
isBF:c=(c=I())?,dumbbell,informational,people also ask,dumbbell,2026-07-04
The Stakt Weights,dumbbell,informational,SERP page h2,https://www.nbcnews.com/select/shopping/best-dumbbells-rcna251039,2026-07-04
urethane dumbbells vs rubber dumbbells,dumbbell,informational,related search pattern,dumbbell,2026-07-04
Weights for Men and Women at Home,dumbbell,informational,SERP page image_alt,https://www.amazon.com/dumbbells-dumbbell-set/b?node=3408401,2026-07-04
Weights for Women at Home,dumbbell,informational,SERP page image_alt,https://www.amazon.com/dumbbells/s?k=dumbbells,2026-07-04
"What causes dumbbell to crack, fade, or chip after heavy use?",dumbbell,informational,AI simulated query,maintenance,2026-07-04
"What is the difference between rubber, urethane, and cast iron dumbbell?",dumbbell,informational,AI simulated query,comparison,2026-07-04
What sizes and weight increments should a gym buy for dumbbell?,dumbbell,informational,AI simulated query,selection,2026-07-04
What specifications matter most when buying dumbbell in bulk?,dumbbell,informational,AI simulated query,selection,2026-07-04
Which dumbbell are better for commercial gyms versus home gyms?,dumbbell,informational,AI simulated query,comparison,2026-07-04
Which dumbbell are safest for beginners and high-traffic training areas?,dumbbell,informational,AI simulated query,selection,2026-07-04
Can you estimate a quote for custom logo rubber dumbbells for a gym chain?,rubber dumbbells,B2B,AI simulated query,pricing,2026-07-04
Can you help me compare OEM rubber dumbbells factories for a private label fitness brand?,rubber dumbbells,B2B,AI simulated query,procurement,2026-07-04
Commercial Chrome Dumbbell Package,rubber dumbbells,B2B,SERP page image_alt,https://homegym.sg/strength/weights/dumbbell.html,2026-07-04
dumbbells wholesale price,rubber dumbbells,B2B,Google autocomplete,rubber dumbbells wholesale,2026-07-04
Gym Equipment - Bumper Plates,rubber dumbbells,B2B,SERP page image_alt,https://www.carousell.sg/rubber-dumbbell/q/,2026-07-04
"How do I evaluate MOQ, lead time, and quality control for rubber dumbbells wholesale orders?",rubber dumbbells,B2B,AI simulated query,procurement,2026-07-04
How much do rubber dumbbells cost when importing a full container from China?,rubber dumbbells,B2B,AI simulated query,pricing,2026-07-04
rubber dumbbell manufacturers,rubber dumbbells,B2B,Google autocomplete,rubber dumbbells manufacturer,2026-07-04
rubber dumbbells bulk,rubber dumbbells,B2B,related search pattern,rubber dumbbells,2026-07-04
rubber dumbbells factory,rubber dumbbells,B2B,related search pattern,rubber dumbbells,2026-07-04
rubber dumbbells for commercial gym,rubber dumbbells,B2B,related search pattern,rubber dumbbells,2026-07-04
rubber dumbbells manufacturer,rubber dumbbells,B2B,related search pattern,rubber dumbbells,2026-07-04
rubber dumbbells supplier,rubber dumbbells,B2B,related search pattern,rubber dumbbells,2026-07-04
rubber dumbbells wholesale,rubber dumbbells,B2B,Google autocomplete,rubber dumbbells wholesale,2026-07-04
rubber hex dumbbells wholesale,rubber dumbbells,B2B,Google autocomplete,rubber dumbbells wholesale,2026-07-04
"What affects the landed cost of rubber dumbbells, including shipping and duty?",rubber dumbbells,B2B,AI simulated query,pricing,2026-07-04
What is a reasonable wholesale price for rubber dumbbells in 2026?,rubber dumbbells,B2B,AI simulated query,pricing,2026-07-04
What should I ask a rubber dumbbells manufacturer before placing a bulk order?,rubber dumbbells,B2B,AI simulated query,procurement,2026-07-04
Which rubber dumbbells suppliers are best for importing commercial gym equipment from China?,rubber dumbbells,B2B,AI simulated query,procurement,2026-07-04
"1-48 of 750 results for ""rubber dumbbells""",rubber dumbbells,B2C,SERP page h2,https://www.amazon.com/rubber-dumbbells/s?k=rubber+dumbbells,2026-07-04
20KG Quick Adjustable Dumbbell,rubber dumbbells,B2C,SERP page image_alt,https://gymzgarage.sg/collections/dumbbells,2026-07-04
222 'Rubber dumbbell' For Sale in Singapore,rubber dumbbells,B2C,SERP page h1,https://www.carousell.sg/rubber-dumbbell/q/,2026-07-04
2kg Dumbbell set blue rubber coated,rubber dumbbells,B2C,SERP page image_alt,https://www.carousell.sg/rubber-dumbbell/q/,2026-07-04
3 Pairs Rubberised Hex Dumbbells & Rack Set,rubber dumbbells,B2C,SERP page image_alt,https://gymzgarage.sg/collections/dumbbells,2026-07-04
36KG Quick Adjustable Dumbbell,rubber dumbbells,B2C,SERP page image_alt,https://gymzgarage.sg/collections/dumbbells,2026-07-04
4 in 1 Free Weights Dumbbells Set,rubber dumbbells,B2C,SERP page image_alt,https://www.amazon.com/rubber-dumbbells/s?k=rubber+dumbbells,2026-07-04
40KG Quick Adjustable Dumbbell,rubber dumbbells,B2C,SERP page image_alt,https://gymzgarage.sg/collections/dumbbells,2026-07-04
5 lb Dumbbells Set with N...,rubber dumbbells,B2C,SERP page image_alt,https://www.amazon.com/rubber-dumbbells/s?k=rubber+dumbbells,2026-07-04
6 Pairs Rubberised Hex Dumbbells & Rack Set,rubber dumbbells,B2C,SERP page image_alt,https://gymzgarage.sg/collections/dumbbells,2026-07-04
75lbs Ironmaster Quick-Lock Dumbbells,rubber dumbbells,B2C,SERP page image_alt,https://homegym.sg/strength/weights/dumbbell.html,2026-07-04
Adjustable Dumbbell Set -Rubber protected,rubber dumbbells,B2C,SERP page image_alt,https://www.carousell.sg/rubber-dumbbell/q/,2026-07-04
Adjustable Dumbbell Set of 2,rubber dumbbells,B2C,SERP page image_alt,https://www.amazon.com/rubber-dumbbells/s?k=rubber+dumbbells,2026-07-04
Aibi Adjustable Rubber Dumbbells - 8.5kg each,rubber dumbbells,B2C,SERP page image_alt,https://www.carousell.sg/rubber-dumbbell/q/,2026-07-04
Amazon Basics Vinyl Coated Dumbbell Hand Weights,rubber dumbbells,B2C,SERP page h2,https://www.amazon.com/rubber-dumbbells/s?k=rubber+dumbbells,2026-07-04
AmazonBasics CD15LB 15lbs Rubber Encased Hex Dumbbell Weight,rubber dumbbells,B2C,SERP page image_alt,https://www.ebay.com/b/Rubber-Dumbbells/137865/bn_1940966,2026-07-04
Anti-Roll Hex Dumbbells with Black,rubber dumbbells,B2C,SERP page image_alt,https://www.amazon.com/rubber-dumbbells/s?k=rubber+dumbbells,2026-07-04
BalanceFrom Dumbbell Set with Stand,rubber dumbbells,B2C,SERP page image_alt,https://www.ebay.com/b/Rubber-Dumbbells/137865/bn_1940966,2026-07-04
BBRUN Dumbbell Set 5 lb pair,rubber dumbbells,B2C,SERP page image_alt,https://www.amazon.com/rubber-dumbbells/s?k=rubber+dumbbells,2026-07-04
best rubber dumbbell brand,rubber dumbbells,B2C,Google autocomplete,best rubber dumbbells,2026-07-04
best rubber dumbbells,rubber dumbbells,B2C,Google autocomplete,best rubber dumbbells,2026-07-04
best rubber dumbbells for home gym,rubber dumbbells,B2C,Google autocomplete,best rubber dumbbells,2026-07-04
best rubber dumbbells reddit,rubber dumbbells,B2C,Google autocomplete,best rubber dumbbells,2026-07-04
best rubber dumbbells set,rubber dumbbells,B2C,Google autocomplete,best rubber dumbbells,2026-07-04
best urethane dumbbells,rubber dumbbells,B2C,Google autocomplete,best rubber dumbbells,2026-07-04
best urethane dumbbells for home gym,rubber dumbbells,B2C,Google autocomplete,best rubber dumbbells,2026-07-04
best urethane dumbbells reddit,rubber dumbbells,B2C,Google autocomplete,best rubber dumbbells,2026-07-04
best urethane dumbbells set,rubber dumbbells,B2C,Google autocomplete,best rubber dumbbells,2026-07-04
Body Sport Rubber Encased Hex Dumbbell Weight,rubber dumbbells,B2C,SERP page image_alt,https://www.amazon.com/rubber-dumbbells/s?k=rubber+dumbbells,2026-07-04
Buy 100+ Rubber dumbbell online,rubber dumbbells,B2C,SERP page title,https://www.carousell.sg/rubber-dumbbell/q/,2026-07-04
CAP Rubber Coated Dumbbell Weights,rubber dumbbells,B2C,SERP page image_alt,https://www.amazon.com/rubber-dumbbells/s?k=rubber+dumbbells,2026-07-04
Collection Of Various Types of Dumbbells,rubber dumbbells,B2C,SERP page meta_description,https://gymzgarage.sg/collections/dumbbells,2026-07-04
DOMYOS Rubber Coated 28mm Dumbbell Weight Disc Set,rubber dumbbells,B2C,SERP page image_alt,https://www.carousell.sg/rubber-dumbbell/q/,2026-07-04
Dumbbell Handle Bars,rubber dumbbells,B2C,SERP page image_alt,https://gymzgarage.sg/collections/dumbbells,2026-07-04
Dumbbell Only Push Day,rubber dumbbells,B2C,SERP page h2,https://titan.fitness/collections/rubber-hex-dumbbells,2026-07-04
Dumbbell Starter Set,rubber dumbbells,B2C,SERP page image_alt,https://yorkbarbell.com/product/rubber-hex-dumbbell/,2026-07-04
Dumbbell Storage Racks,rubber dumbbells,B2C,SERP page image_alt,https://yorkbarbell.com/product/rubber-hex-dumbbell/,2026-07-04
Dumbbells & Dumbbell Sets,rubber dumbbells,B2C,SERP page image_alt,https://yorkbarbell.com/product/rubber-hex-dumbbell/,2026-07-04
Dumbbells – GYMZGARAGE SINGAPORE,rubber dumbbells,B2C,SERP page title,https://gymzgarage.sg/collections/dumbbells,2026-07-04
Fitvids Rubber Encased Exercise & Fitness Hex Dumbbell,rubber dumbbells,B2C,SERP page image_alt,https://www.amazon.com/rubber-dumbbells/s?k=rubber+dumbbells,2026-07-04
Free Weights for Home Gym Strength Training,rubber dumbbells,B2C,SERP page image_alt,https://www.amazon.com/rubber-dumbbells/s?k=rubber+dumbbells,2026-07-04
Get Your Dumbbells Delivered to Your Doorstep,rubber dumbbells,B2C,SERP page h2,https://homegym.sg/strength/weights/dumbbell.html,2026-07-04
good rubber dumbbells,rubber dumbbells,B2C,Google autocomplete,best rubber dumbbells,2026-07-04
HANDBODE Hex Dumbbell Set 2.5-65 lb,rubber dumbbells,B2C,SERP page image_alt,https://www.amazon.com/rubber-dumbbells/s?k=rubber+dumbbells,2026-07-04
Hex Dumbbell Package,rubber dumbbells,B2C,SERP page image_alt,https://homegym.sg/strength/weights/dumbbell.html,2026-07-04
Hex Dumbbell Pair 5KG,rubber dumbbells,B2C,SERP page image_alt,https://www.carousell.sg/rubber-dumbbell/q/,2026-07-04
Hex dumbbells Rubber Coated kg BN READY STOCK,rubber dumbbells,B2C,SERP page image_alt,https://www.carousell.sg/rubber-dumbbell/q/,2026-07-04
Hex Professional Tray Dumbbell Rack,rubber dumbbells,B2C,SERP page h2,https://yorkbarbell.com/product/rubber-hex-dumbbell/,2026-07-04
Hex Rubber Dumbbell Sets,rubber dumbbells,B2C,SERP page h2,https://titan.fitness/collections/rubber-hex-dumbbells,2026-07-04
Hexagon Rubber Dumbbell Set,rubber dumbbells,B2C,SERP page image_alt,https://gymzgarage.sg/collections/dumbbells,2026-07-04
Kettler 10KG Rubberized Dumbbell Set,rubber dumbbells,B2C,SERP page image_alt,https://www.carousell.sg/rubber-dumbbell/q/,2026-07-04
Neoprene Dumbbell Sets,rubber dumbbells,B2C,SERP page image_alt,https://www.ebay.com/b/Rubber-Dumbbells/137865/bn_1940966,2026-07-04
PAPABABE HEX Dumbbell Set 2.5-125lb,rubber dumbbells,B2C,SERP page h2,https://www.amazon.com/rubber-dumbbells/s?k=rubber+dumbbells,2026-07-04
Pro Style Dumbbell,rubber dumbbells,B2C,SERP page h2,https://yorkbarbell.com/product/rubber-hex-dumbbell/,2026-07-04
Pro Style Dumbbell Package,rubber dumbbells,B2C,SERP page image_alt,https://homegym.sg/strength/weights/dumbbell.html,2026-07-04
Pro-Hex Dumbbell Rack,rubber dumbbells,B2C,SERP page h2,https://yorkbarbell.com/product/rubber-hex-dumbbell/,2026-07-04
Pro-Hex Dumbbell Rack 2 tier,rubber dumbbells,B2C,SERP page image_alt,https://yorkbarbell.com/product/rubber-hex-dumbbell/,2026-07-04
Restocked! Rubber Coated Hexagon Dumbbell Hex Chrome,rubber dumbbells,B2C,SERP page image_alt,https://www.carousell.sg/rubber-dumbbell/q/,2026-07-04
Round Head Dumbbells Set,rubber dumbbells,B2C,SERP page image_alt,https://gymzgarage.sg/collections/dumbbells,2026-07-04
Rubber Coated Hex Dumbbell with Contoured Chrome Handle,rubber dumbbells,B2C,SERP page image_alt,https://www.carousell.sg/rubber-dumbbell/q/,2026-07-04
Rubber Coated Hex Dumbbells,rubber dumbbells,B2C,SERP page title,https://titan.fitness/collections/rubber-hex-dumbbells,2026-07-04
Rubber dumbbell For Sale,rubber dumbbells,B2C,SERP page title,https://www.carousell.sg/rubber-dumbbell/q/,2026-07-04
rubber dumbbells,rubber dumbbells,B2C,Google autocomplete,rubber dumbbells,2026-07-04
rubber dumbbells 10kg,rubber dumbbells,B2C,Google autocomplete,rubber dumbbells,2026-07-04
rubber dumbbells 15kg,rubber dumbbells,B2C,Google autocomplete,rubber dumbbells,2026-07-04
rubber dumbbells 20kg,rubber dumbbells,B2C,Google autocomplete,rubber dumbbells,2026-07-04
rubber dumbbells 5kg,rubber dumbbells,B2C,Google autocomplete,rubber dumbbells,2026-07-04
rubber dumbbells amazon,rubber dumbbells,B2C,related search pattern,rubber dumbbells,2026-07-04
rubber dumbbells cost,rubber dumbbells,B2C,related search pattern,rubber dumbbells,2026-07-04
rubber dumbbells dimensions,rubber dumbbells,B2C,related search pattern,rubber dumbbells,2026-07-04
rubber dumbbells for home gym,rubber dumbbells,B2C,related search pattern,rubber dumbbells,2026-07-04
rubber dumbbells for sale,rubber dumbbells,B2C,Google autocomplete,rubber dumbbells,2026-07-04
Rubber Dumbbells for sale - eBay,rubber dumbbells,B2C,SERP page title,https://www.ebay.com/b/Rubber-Dumbbells/137865/bn_1940966,2026-07-04
rubber dumbbells near me,rubber dumbbells,B2C,related search pattern,rubber dumbbells,2026-07-04
rubber dumbbells price,rubber dumbbells,B2C,related search pattern,rubber dumbbells,2026-07-04
rubber dumbbells price in pakistan,rubber dumbbells,B2C,Google autocomplete,rubber dumbbells,2026-07-04
rubber dumbbells set,rubber dumbbells,B2C,Google autocomplete,rubber dumbbells,2026-07-04
rubber dumbbells set 10kg,rubber dumbbells,B2C,Google autocomplete,rubber dumbbells,2026-07-04
Rubber Encased Hex Dumbbells for Home Gym,rubber dumbbells,B2C,SERP page image_alt,https://www.amazon.com/rubber-dumbbells/s?k=rubber+dumbbells,2026-07-04
Rubber Encased Home Gym Dumbbells,rubber dumbbells,B2C,SERP page h2,https://www.amazon.com/rubber-dumbbells/s?k=rubber+dumbbells,2026-07-04
Rubber Encased Home Gym Hand Weights,rubber dumbbells,B2C,SERP page image_alt,https://www.ebay.com/b/Rubber-Dumbbells/137865/bn_1940966,2026-07-04
Rubber Hex Dumbbell,rubber dumbbells,B2C,SERP page h1,https://yorkbarbell.com/product/rubber-hex-dumbbell/,2026-07-04
Rubber Hex Dumbbell - Image 10,rubber dumbbells,B2C,SERP page image_alt,https://yorkbarbell.com/product/rubber-hex-dumbbell/,2026-07-04
Rubber Hex Dumbbell - Image 2,rubber dumbbells,B2C,SERP page image_alt,https://yorkbarbell.com/product/rubber-hex-dumbbell/,2026-07-04
Rubber Hex Dumbbell - Image 3,rubber dumbbells,B2C,SERP page image_alt,https://yorkbarbell.com/product/rubber-hex-dumbbell/,2026-07-04
Rubber Hex Dumbbell - Image 4,rubber dumbbells,B2C,SERP page image_alt,https://yorkbarbell.com/product/rubber-hex-dumbbell/,2026-07-04
Rubber Hex Dumbbell - Image 5,rubber dumbbells,B2C,SERP page image_alt,https://yorkbarbell.com/product/rubber-hex-dumbbell/,2026-07-04
Rubber Hex Dumbbell - Image 6,rubber dumbbells,B2C,SERP page image_alt,https://yorkbarbell.com/product/rubber-hex-dumbbell/,2026-07-04
Rubber Hex Dumbbell - Image 7,rubber dumbbells,B2C,SERP page image_alt,https://yorkbarbell.com/product/rubber-hex-dumbbell/,2026-07-04
Rubber Hex Dumbbell - Image 8,rubber dumbbells,B2C,SERP page image_alt,https://yorkbarbell.com/product/rubber-hex-dumbbell/,2026-07-04
Rubber Hex Dumbbell - Image 9,rubber dumbbells,B2C,SERP page image_alt,https://yorkbarbell.com/product/rubber-hex-dumbbell/,2026-07-04
Rubber Hex Dumbbell - York Barbell,rubber dumbbells,B2C,SERP page image_alt,https://yorkbarbell.com/product/rubber-hex-dumbbell/,2026-07-04
Rubber Hex Dumbbell Set,rubber dumbbells,B2C,SERP page image_alt,https://yorkbarbell.com/product/rubber-hex-dumbbell/,2026-07-04
Rubber Hex Dumbbells 12.5KG,rubber dumbbells,B2C,SERP page image_alt,https://www.carousell.sg/rubber-dumbbell/q/,2026-07-04
Rubber Weight Plates,rubber dumbbells,B2C,SERP page image_alt,https://www.ebay.com/b/Rubber-Dumbbells/137865/bn_1940966,2026-07-04
Rubberised Dumbbell Kit,rubber dumbbells,B2C,SERP page image_alt,https://gymzgarage.sg/collections/dumbbells,2026-07-04
Rubberised Hex Dumbbells,rubber dumbbells,B2C,SERP page image_alt,https://gymzgarage.sg/collections/dumbbells,2026-07-04
Rubberised Hex Dumbbells Set,rubber dumbbells,B2C,SERP page image_alt,https://gymzgarage.sg/collections/dumbbells,2026-07-04
Rubberised Hex Dumbbells Set 1kg-10kg,rubber dumbbells,B2C,SERP page image_alt,https://gymzgarage.sg/collections/dumbbells,2026-07-04
Shop our selection of rubber coated hex dumbbells,rubber dumbbells,B2C,SERP page meta_description,https://titan.fitness/collections/rubber-hex-dumbbells,2026-07-04
Shop Titan Rubber Hex Dumbbell Sets Today,rubber dumbbells,B2C,SERP page h2,https://titan.fitness/collections/rubber-hex-dumbbells,2026-07-04
Titan Rubber Hex Dumbbell Sets,rubber dumbbells,B2C,SERP page h2,https://titan.fitness/collections/rubber-hex-dumbbells,2026-07-04
Vigor 41.5kg Smartlock Adjustable Dumbbell,rubber dumbbells,B2C,SERP page image_alt,https://homegym.sg/strength/weights/dumbbell.html,2026-07-04
Vigor Premium Quick Adjust Dumbbell 2.0,rubber dumbbells,B2C,SERP page image_alt,https://homegym.sg/strength/weights/dumbbell.html,2026-07-04
Vigor Quickslot Dumbbell,rubber dumbbells,B2C,SERP page image_alt,https://homegym.sg/strength/weights/dumbbell.html,2026-07-04
Weights Dumbbells Set of 2 Hand Weights fo...,rubber dumbbells,B2C,SERP page image_alt,https://www.amazon.com/rubber-dumbbells/s?k=rubber+dumbbells,2026-07-04
where to buy rubber dumbbells,rubber dumbbells,B2C,related search pattern,rubber dumbbells,2026-07-04
York Premium PVC Hex Dumbbell,rubber dumbbells,B2C,SERP page image_alt,https://yorkbarbell.com/product/rubber-hex-dumbbell/,2026-07-04
York Starter Dumbbell Package,rubber dumbbells,B2C,SERP page h2,https://yorkbarbell.com/product/rubber-hex-dumbbell/,2026-07-04
🇸🇬Ready Stock!!Hex Dumbbell Hex Rubber Dumbbells 2.5kg ~40kg,rubber dumbbells,B2C,SERP page image_alt,https://www.carousell.sg/rubber-dumbbell/q/,2026-07-04
Are China-made rubber dumbbells reliable compared with US retail brands?,rubber dumbbells,informational,AI simulated query,comparison,2026-07-04
Cast Iron + Rubber Coated,rubber dumbbells,informational,SERP page image_alt,https://www.carousell.sg/rubber-dumbbell/q/,2026-07-04
Compare cheap rubber dumbbells and premium rubber dumbbells for durability and odor.,rubber dumbbells,informational,AI simulated query,comparison,2026-07-04
Hand Weight for Strength Training,rubber dumbbells,informational,SERP page h2,https://www.amazon.com/rubber-dumbbells/s?k=rubber+dumbbells,2026-07-04
Hand Weights for Women at Home,rubber dumbbells,informational,SERP page image_alt,https://www.amazon.com/rubber-dumbbells/s?k=rubber+dumbbells,2026-07-04
How do I choose the right rubber dumbbells for a new gym opening?,rubber dumbbells,informational,AI simulated query,selection,2026-07-04
How do I reduce rubber smell from new rubber dumbbells?,rubber dumbbells,informational,AI simulated query,maintenance,2026-07-04
How long should quality rubber dumbbells last in a commercial gym?,rubber dumbbells,informational,AI simulated query,maintenance,2026-07-04
how rubber dumbbells are made,rubber dumbbells,informational,Google autocomplete,rubber dumbbells manufacturer,2026-07-04
How should commercial gyms clean and maintain rubber dumbbells?,rubber dumbbells,informational,AI simulated query,maintenance,2026-07-04
how to choose rubber dumbbells,rubber dumbbells,informational,related search pattern,rubber dumbbells,2026-07-04
how to clean rubber dumbbells,rubber dumbbells,informational,related search pattern,rubber dumbbells,2026-07-04
rubber dumbbells review,rubber dumbbells,informational,related search pattern,rubber dumbbells,2026-07-04
rubber dumbbells sizes,rubber dumbbells,informational,related search pattern,rubber dumbbells,2026-07-04
rubber dumbbells vs,rubber dumbbells,informational,related search pattern,rubber dumbbells,2026-07-04
rubber dumbbells vs cast iron,rubber dumbbells,informational,Google autocomplete,rubber dumbbells,2026-07-04
rubber dumbbells weight chart,rubber dumbbells,informational,related search pattern,rubber dumbbells,2026-07-04
Rubber Hex Free Weights Without Rack,rubber dumbbells,informational,SERP page image_alt,https://www.amazon.com/rubber-dumbbells/s?k=rubber+dumbbells,2026-07-04
Serious Weight for Serious Training,rubber dumbbells,informational,SERP page h2,https://titan.fitness/collections/rubber-hex-dumbbells,2026-07-04
Upgrade your workout with Rubber Dumbbells,rubber dumbbells,informational,SERP page meta_description,https://www.ebay.com/b/Rubber-Dumbbells/137865/bn_1940966,2026-07-04
"What causes rubber dumbbells to crack, fade, or chip after heavy use?",rubber dumbbells,informational,AI simulated query,maintenance,2026-07-04
"What is the difference between rubber, urethane, and cast iron rubber dumbbells?",rubber dumbbells,informational,AI simulated query,comparison,2026-07-04
What sizes and weight increments should a gym buy for rubber dumbbells?,rubber dumbbells,informational,AI simulated query,selection,2026-07-04
What specifications matter most when buying rubber dumbbells in bulk?,rubber dumbbells,informational,AI simulated query,selection,2026-07-04
Which rubber dumbbells are better for commercial gyms versus home gyms?,rubber dumbbells,informational,AI simulated query,comparison,2026-07-04
Which rubber dumbbells are safest for beginners and high-traffic training areas?,rubber dumbbells,informational,AI simulated query,selection,2026-07-04
bumper plates manufacturer,weight plates,B2B,Google autocomplete,weight plates manufacturer,2026-07-04
bumper plates wholesale,weight plates,B2B,Google autocomplete,weight plates wholesale,2026-07-04
Can you estimate a quote for custom logo weight plates for a gym chain?,weight plates,B2B,AI simulated query,pricing,2026-07-04
Can you help me compare OEM weight plates factories for a private label fitness brand?,weight plates,B2B,AI simulated query,procurement,2026-07-04
custom logo weight plates,weight plates,B2B,related search pattern,weight plates,2026-07-04
gym weight plate manufacturers,weight plates,B2B,Google autocomplete,weight plates manufacturer,2026-07-04
gym weight plates wholesale,weight plates,B2B,Google autocomplete,weight plates wholesale,2026-07-04
"How do I evaluate MOQ, lead time, and quality control for weight plates wholesale orders?",weight plates,B2B,AI simulated query,procurement,2026-07-04
How much do weight plates cost when importing a full container from China?,weight plates,B2B,AI simulated query,pricing,2026-07-04
rubber weight plates manufacturer,weight plates,B2B,Google autocomplete,weight plates manufacturer,2026-07-04
weight plates bulk,weight plates,B2B,related search pattern,weight plates,2026-07-04
weight plates factory,weight plates,B2B,related search pattern,weight plates,2026-07-04
weight plates for commercial gym,weight plates,B2B,related search pattern,weight plates,2026-07-04
weight plates for gym,weight plates,B2B,Google autocomplete,weight plates,2026-07-04
weight plates manufacturer,weight plates,B2B,Google autocomplete,weight plates manufacturer,2026-07-04
weight plates supplier,weight plates,B2B,related search pattern,weight plates,2026-07-04
weight plates wholesale,weight plates,B2B,Google autocomplete,weight plates wholesale,2026-07-04
weight set wholesale,weight plates,B2B,Google autocomplete,weight plates wholesale,2026-07-04
"What affects the landed cost of weight plates, including shipping and duty?",weight plates,B2B,AI simulated query,pricing,2026-07-04
What is a reasonable wholesale price for weight plates in 2026?,weight plates,B2B,AI simulated query,pricing,2026-07-04
What should I ask a weight plates manufacturer before placing a bulk order?,weight plates,B2B,AI simulated query,procurement,2026-07-04
Which weight plates suppliers are best for importing commercial gym equipment from China?,weight plates,B2B,AI simulated query,procurement,2026-07-04
11 Best Weight Plates in 2026,weight plates,B2C,SERP page title,https://garagegymlab.com/best-weight-plates/,2026-07-04
"2"" Weight Plates for Strength Training & Weightlifting",weight plates,B2C,SERP page image_alt,https://www.amazon.com/Weight-Plates/b?node=3408441,2026-07-04
A Closer Look at Titan Olympic Weight Plates,weight plates,B2C,SERP page h2,https://titan.fitness/collections/weight-plates,2026-07-04
Alpha Bumper Plates by Vulcan Strength,weight plates,B2C,SERP page image_alt,https://garagegymlab.com/best-weight-plates/,2026-07-04
Amazon Basics 1-Inch Grip Weight Plates,weight plates,B2C,SERP page h2,https://www.amazon.com/Weight-Plates/b?node=3408441,2026-07-04
Amazon Basics 2-Inch Olympic Grip Weight Plates,weight plates,B2C,SERP page h2,https://www.amazon.com/Weight-Plates/b?node=3408441,2026-07-04
American Barbell Pro Urethane Bumper Plates,weight plates,B2C,SERP page h2,https://garagegymlab.com/best-weight-plates/,2026-07-04
BalanceFrom Olympic Bumper Plate Weight Plate,weight plates,B2C,SERP page image_alt,https://www.walmart.com/browse/sports-outdoors/weight-plates/4125_4134_1026285_1078284_1078287,2026-07-04
Best Basic Black Rubber Weight Plates,weight plates,B2C,SERP page h2,https://garagegymlab.com/best-weight-plates/,2026-07-04
Best Basic Color Rubber Weight Plates,weight plates,B2C,SERP page h2,https://garagegymlab.com/best-weight-plates/,2026-07-04
Best Calibrated Weight Plates,weight plates,B2C,SERP page h2,https://garagegymlab.com/best-weight-plates/,2026-07-04
Best Cast Iron Weight Plates,weight plates,B2C,SERP page h2,https://garagegymlab.com/best-weight-plates/,2026-07-04
Best Cheap Weight Plates,weight plates,B2C,SERP page h2,https://garagegymlab.com/best-weight-plates/,2026-07-04
Best Competition Bumper Plates,weight plates,B2C,SERP page h2,https://garagegymlab.com/best-weight-plates/,2026-07-04
Best Urethane Bumper Plates,weight plates,B2C,SERP page h2,https://garagegymlab.com/best-weight-plates/,2026-07-04
best weight plates,weight plates,B2C,Google autocomplete,best weight plates,2026-07-04
best weight plates brand,weight plates,B2C,Google autocomplete,best weight plates,2026-07-04
best weight plates for garage gym,weight plates,B2C,Google autocomplete,best weight plates,2026-07-04
best weight plates for home gym,weight plates,B2C,Google autocomplete,best weight plates,2026-07-04
best weight plates for home gym reddit,weight plates,B2C,Google autocomplete,best weight plates,2026-07-04
best weight plates for the money,weight plates,B2C,Google autocomplete,best weight plates,2026-07-04
best weight plates on amazon,weight plates,B2C,Google autocomplete,best weight plates,2026-07-04
best weight plates reddit,weight plates,B2C,Google autocomplete,best weight plates,2026-07-04
best weight plates with handles,weight plates,B2C,Google autocomplete,best weight plates,2026-07-04
Body-Solid Chicago Extreme Colored Bumper Plates,weight plates,B2C,SERP page image_alt,https://strengthwarehouseusa.com/collections/weight-plates,2026-07-04
Body-Solid OBPX260 Chicago Extreme Bumper Plate Set,weight plates,B2C,SERP page image_alt,https://strengthwarehouseusa.com/collections/weight-plates,2026-07-04
Body-Solid ORST Rubber Grip Plate Set 255 lbs,weight plates,B2C,SERP page image_alt,https://strengthwarehouseusa.com/collections/weight-plates,2026-07-04
Body-Solid ORST Rubber Grip Plate Set 355 lbs,weight plates,B2C,SERP page image_alt,https://strengthwarehouseusa.com/collections/weight-plates,2026-07-04
CAP 2-inch Olympic Bumper Plate Weight Set,weight plates,B2C,SERP page h2,https://www.amazon.com/Weight-Plates/b?node=3408441,2026-07-04
CAP Barbell 2-Inch Olympic Weight Plate,weight plates,B2C,SERP page h2,https://www.amazon.com/Weight-Plates/b?node=3408441,2026-07-04
CAP Barbell Gray Olympic Cast Iron Weight Plate,weight plates,B2C,SERP page image_alt,https://www.walmart.com/browse/sports-outdoors/weight-plates/4125_4134_1026285_1078284_1078287,2026-07-04
CAP Barbell Rubber Olympic Bumper Plate,weight plates,B2C,SERP page h2,https://www.amazon.com/Weight-Plates/b?node=3408441,2026-07-04
Cast Iron & Specialty Olympic Weight Plates,weight plates,B2C,SERP page h2,https://titan.fitness/collections/weight-plates,2026-07-04
cast iron weight plates,weight plates,B2C,related search pattern,weight plates,2026-07-04
Different Types of Weight Plates,weight plates,B2C,SERP page h2,https://www.roguefitness.com/weightlifting-bars-plates/bumpers,2026-07-04
Discover our wide range of weight plates,weight plates,B2C,SERP page meta_description,https://www.roguefitness.com/weightlifting-bars-plates/bumpers,2026-07-04
EZ Grip Color Bumper Plates,weight plates,B2C,SERP page h2,https://titan.fitness/collections/weight-plates,2026-07-04
Fitvids Olympic Bumper Plates Set,weight plates,B2C,SERP page image_alt,https://www.amazon.com/Weight-Plates/b?node=3408441,2026-07-04
Fringe Sport Color Bumper Plates,weight plates,B2C,SERP page h2,https://garagegymlab.com/best-weight-plates/,2026-07-04
Fringe Sport Color Bumper Plates on White Background,weight plates,B2C,SERP page image_alt,https://garagegymlab.com/best-weight-plates/,2026-07-04
MAROUTE Rubber Grip Plates for Barbell,weight plates,B2C,SERP page image_alt,https://www.walmart.com/browse/sports-outdoors/weight-plates/4125_4134_1026285_1078284_1078287,2026-07-04
Micro Gainz Dumbbell Fractional 1.25lb Weight Plate,weight plates,B2C,SERP page image_alt,https://www.amazon.com/Weight-Plates/b?node=3408441,2026-07-04
Most Versatile Bumper Plates,weight plates,B2C,SERP page h2,https://garagegymlab.com/best-weight-plates/,2026-07-04
Olympic Bumper Plates,weight plates,B2C,SERP page h2,https://barbellstandard.com/collections/weight-plates,2026-07-04
Olympic Weight Plate Sets,weight plates,B2C,SERP page h2,https://barbellstandard.com/collections/weight-plates,2026-07-04
olympic weight plates,weight plates,B2C,related search pattern,weight plates,2026-07-04
Olympic Weight Plates - Bumper,weight plates,B2C,SERP page title,https://titan.fitness/collections/weight-plates,2026-07-04
Olympic Weight Plates and Olympic Barbell Weight Sets,weight plates,B2C,SERP page title,https://barbellstandard.com/collections/weight-plates,2026-07-04
Popular Weight Plate options,weight plates,B2C,SERP page h2,https://barbellstandard.com/collections/weight-plates,2026-07-04
RitFit Weight Plates for Barbell,weight plates,B2C,SERP page h2,https://www.amazon.com/Weight-Plates/b?node=3408441,2026-07-04
Rogue Calibrated Steel Weight Plates,weight plates,B2C,SERP page h2,https://garagegymlab.com/best-weight-plates/,2026-07-04
Rogue Calibrated Steel Weight Plates on White Background,weight plates,B2C,SERP page image_alt,https://garagegymlab.com/best-weight-plates/,2026-07-04
Rogue Competition Bumper Plates,weight plates,B2C,SERP page h2,https://garagegymlab.com/best-weight-plates/,2026-07-04
Rogue Competition Bumper Plates on White Background,weight plates,B2C,SERP page image_alt,https://garagegymlab.com/best-weight-plates/,2026-07-04
Rogue Echo Bumper Plates,weight plates,B2C,SERP page h2,https://garagegymlab.com/best-weight-plates/,2026-07-04
Rogue Echo Bumper Plates - Best Bumper Plates,weight plates,B2C,SERP page image_alt,https://garagegymlab.com/best-weight-plates/,2026-07-04
Rogue Weightlifting Plates - Bumpers,weight plates,B2C,SERP page title,https://www.roguefitness.com/weightlifting-bars-plates/bumpers,2026-07-04
rubber coated weight plates,weight plates,B2C,related search pattern,weight plates,2026-07-04
Rubber Hex Dumbbell Sets,weight plates,B2C,SERP page h2,https://barbellstandard.com/collections/weight-plates,2026-07-04
Rubber Hex Dumbbells,weight plates,B2C,SERP page h2,https://barbellstandard.com/collections/weight-plates,2026-07-04
Rubber Weight Plates for Barbell Home Gym,weight plates,B2C,SERP page image_alt,https://www.walmart.com/browse/sports-outdoors/weight-plates/4125_4134_1026285_1078284_1078287,2026-07-04
Shop Barbell Standard weight plates,weight plates,B2C,SERP page meta_description,https://barbellstandard.com/collections/weight-plates,2026-07-04
Shop cast iron & rubber coated weight plates,weight plates,B2C,SERP page meta_description,https://www.decathlon.sg/c/fitness-sports/weight-training/barbells-weight-plates.html,2026-07-04
Shop Olympic Weight Plates,weight plates,B2C,SERP page meta_description,https://titan.fitness/collections/weight-plates,2026-07-04
Solid Cast Iron Bumper Plates for Barbell,weight plates,B2C,SERP page image_alt,https://www.walmart.com/browse/sports-outdoors/weight-plates/4125_4134_1026285_1078284_1078287,2026-07-04
The Various Materials of Weight Plates,weight plates,B2C,SERP page h2,https://www.roguefitness.com/weightlifting-bars-plates/bumpers,2026-07-04
The Weight Plates Your Home Gym Deserves,weight plates,B2C,SERP page h2,https://titan.fitness/collections/weight-plates,2026-07-04
Towallmark 35LB Weight Plates Set of 2,weight plates,B2C,SERP page image_alt,https://www.walmart.com/browse/sports-outdoors/weight-plates/4125_4134_1026285_1078284_1078287,2026-07-04
urethane weight plates,weight plates,B2C,related search pattern,weight plates,2026-07-04
Used as Both Dumbbell and Barbell,weight plates,B2C,SERP page image_alt,https://www.walmart.com/browse/sports-outdoors/weight-plates/4125_4134_1026285_1078284_1078287,2026-07-04
variant on BalanceFrom Olympic Bumper Plate Weight Plate,weight plates,B2C,SERP page image_alt,https://www.walmart.com/browse/sports-outdoors/weight-plates/4125_4134_1026285_1078284_1078287,2026-07-04
Vulcan Alpha Bumper Plates,weight plates,B2C,SERP page image_alt,https://garagegymlab.com/best-weight-plates/,2026-07-04
Vulcan Alpha Bumper Plates on White Background,weight plates,B2C,SERP page image_alt,https://garagegymlab.com/best-weight-plates/,2026-07-04
weight plates,weight plates,B2C,Google autocomplete,weight plates,2026-07-04
Weight Plates & Barbells,weight plates,B2C,SERP page title,https://www.decathlon.sg/c/fitness-sports/weight-training/barbells-weight-plates.html,2026-07-04
Weight Plates & Dumbbells,weight plates,B2C,SERP page h1,https://barbellstandard.com/collections/weight-plates,2026-07-04
Weight Plates & Racks,weight plates,B2C,SERP page h1,https://www.walmart.com/browse/sports-outdoors/weight-plates/4125_4134_1026285_1078284_1078287,2026-07-04
Weight Plates & Racks - Walmart.com,weight plates,B2C,SERP page title,https://www.walmart.com/browse/sports-outdoors/weight-plates/4125_4134_1026285_1078284_1078287,2026-07-04
weight plates 10kg,weight plates,B2C,Google autocomplete,weight plates,2026-07-04
weight plates 20kg,weight plates,B2C,Google autocomplete,weight plates,2026-07-04
weight plates amazon,weight plates,B2C,related search pattern,weight plates,2026-07-04
weight plates cost,weight plates,B2C,related search pattern,weight plates,2026-07-04
weight plates dimensions,weight plates,B2C,related search pattern,weight plates,2026-07-04
Weight Plates FAQ,weight plates,B2C,SERP page h2,https://barbellstandard.com/collections/weight-plates,2026-07-04
weight plates for home gym,weight plates,B2C,Google autocomplete,weight plates,2026-07-04
weight plates for sale,weight plates,B2C,Google autocomplete,weight plates,2026-07-04
weight plates kmart,weight plates,B2C,Google autocomplete,weight plates,2026-07-04
weight plates near me,weight plates,B2C,Google autocomplete,weight plates,2026-07-04
weight plates price,weight plates,B2C,related search pattern,weight plates,2026-07-04
weight plates set,weight plates,B2C,Google autocomplete,weight plates,2026-07-04
weight plates walmart,weight plates,B2C,Google autocomplete,weight plates,2026-07-04
where to buy weight plates,weight plates,B2C,related search pattern,weight plates,2026-07-04
Yes4All Standard Weight Plates,weight plates,B2C,SERP page image_alt,https://www.amazon.com/Weight-Plates/b?node=3408441,2026-07-04
1-Inch Cast Iron Barbell Weights,weight plates,informational,SERP page image_alt,https://www.amazon.com/Weight-Plates/b?node=3408441,2026-07-04
4 Piece Fractional Weight Pla...,weight plates,informational,SERP page image_alt,https://www.amazon.com/Weight-Plates/b?node=3408441,2026-07-04
Are China-made weight plates reliable compared with US retail brands?,weight plates,informational,AI simulated query,comparison,2026-07-04
best weight plates garage gym reviews,weight plates,informational,Google autocomplete,best weight plates,2026-07-04
Bumper & Cast Iron — Strength Warehouse USA,weight plates,informational,SERP page title,https://strengthwarehouseusa.com/collections/weight-plates,2026-07-04
Compare cheap weight plates and premium weight plates for durability and odor.,weight plates,informational,AI simulated query,comparison,2026-07-04
Exercises Using Weight Plates,weight plates,informational,SERP page h2,https://www.roguefitness.com/weightlifting-bars-plates/bumpers,2026-07-04
How do I choose the right weight plates for a new gym opening?,weight plates,informational,AI simulated query,selection,2026-07-04
How do I reduce rubber smell from new weight plates?,weight plates,informational,AI simulated query,maintenance,2026-07-04
How long should quality weight plates last in a commercial gym?,weight plates,informational,AI simulated query,maintenance,2026-07-04
How should commercial gyms clean and maintain weight plates?,weight plates,informational,AI simulated query,maintenance,2026-07-04
how to choose weight plates,weight plates,informational,related search pattern,weight plates,2026-07-04
how to clean weight plates,weight plates,informational,related search pattern,weight plates,2026-07-04
Rubber Encased Iron,weight plates,informational,SERP page image_alt,https://www.walmart.com/browse/sports-outdoors/weight-plates/4125_4134_1026285_1078284_1078287,2026-07-04
Shop All Bars & Weights,weight plates,informational,SERP page image_alt,https://titan.fitness/collections/weight-plates,2026-07-04
Titan Fitness Olympic Weights,weight plates,informational,SERP page h2,https://titan.fitness/collections/weight-plates,2026-07-04
Vulcan Alpha Bumpers,weight plates,informational,SERP page h2,https://garagegymlab.com/best-weight-plates/,2026-07-04
weight plates review,weight plates,informational,related search pattern,weight plates,2026-07-04
weight plates sizes,weight plates,informational,related search pattern,weight plates,2026-07-04
weight plates vs,weight plates,informational,related search pattern,weight plates,2026-07-04
weight plates weight chart,weight plates,informational,related search pattern,weight plates,2026-07-04
what are standard weight plates,weight plates,informational,Google autocomplete,weight plates wholesale,2026-07-04
What are the Best Weight Plates?,weight plates,informational,SERP page h2,https://garagegymlab.com/best-weight-plates/,2026-07-04
"What causes weight plates to crack, fade, or chip after heavy use?",weight plates,informational,AI simulated query,maintenance,2026-07-04
what is a weight plate,weight plates,informational,Google autocomplete,weight plates wholesale,2026-07-04
"What is the difference between rubber, urethane, and cast iron weight plates?",weight plates,informational,AI simulated query,comparison,2026-07-04
What sizes and weight increments should a gym buy for weight plates?,weight plates,informational,AI simulated query,selection,2026-07-04
What specifications matter most when buying weight plates in bulk?,weight plates,informational,AI simulated query,selection,2026-07-04
Which weight plates are better for commercial gyms versus home gyms?,weight plates,informational,AI simulated query,comparison,2026-07-04
Which weight plates are safest for beginners and high-traffic training areas?,weight plates,informational,AI simulated query,selection,2026-07-04
